title,district,sector,property_type,bedrooms,bathrooms,size_sqft,land_size,year_built,road_access,furnished,parking,modern_finish,proximity_to_city,price_rwf,sector_official,geo_source,cbd_distance_km,nearest_school_km,nearest_hospital_km,nearest_market_km,nearest_bank_km,accessibility_score,sector_density_score,neighborhood_score,investment_score
Villa in Nyamirambo,Nyarugenge,Nyamirambo,villa,1,1,6874,1276,2005,paved,1,4,1,14,105192502.0,Nyamirambo,sector_centroid,5.271,1.435,1.088,0.992,2.672,39.6,6.1,22.4,38.4
Villa in Kimihurura,Gasabo,Kimihurura,villa,2,2,4939,258,2025,dirt,0,3,1,19,414906671.0,Kimihurura,sector_centroid,3.371,0.457,0.382,0.893,0.446,67.4,71.0,62.4,43.5
Apartment in Nyarutarama,Gasabo,Nyarutarama,apartment,7,2,6519,1881,2011,paved,0,2,1,13,658397334.0,Remera,sector_centroid,5.253,0.415,0.103,1.031,0.685,62.8,61.1,74.5,43.6
House in Kibagabaga,Gasabo,Kibagabaga,house,5,3,7411,327,2019,dirt,1,4,1,21,224349962.0,Kimironko,sector_centroid,7.615,0.753,0.257,1.041,0.918,51.7,15.7,42.0,47.6
Villa in Kibagabaga,Gasabo,Kibagabaga,villa,5,2,6571,434,1992,dirt,0,1,0,13,129570879.0,Kimironko,sector_centroid,7.615,0.753,0.257,1.041,0.918,51.7,15.7,42.0,47.6
Villa in Nyamirambo,Nyarugenge,Nyamirambo,villa,7,3,2132,1666,2012,paved,0,0,0,6,91048861.0,Nyamirambo,sector_centroid,5.271,1.435,1.088,0.992,2.672,39.6,6.1,22.4,38.4
Villa in Gacuriro,Gasabo,Gacuriro,villa,2,4,3908,1255,2025,paved,0,0,1,2,283961419.0,Kinyinya,sector_centroid,6.361,1.474,0.742,1.386,3.269,36.8,4.7,25.4,35.9
Villa in Gisozi,Gasabo,Gisozi,villa,3,1,2528,2473,2010,paved,1,3,1,5,101218684.0,Gisozi,sector_centroid,3.587,0.708,0.343,2.897,1.134,53.6,7.8,28.8,51.5
Apartment in Kanombe,Kicukiro,Kanombe,apartment,5,3,6919,1904,2015,paved,0,4,1,25,122586593.0,Kanombe,sector_centroid,11.366,1.122,0.524,0.45,4.006,40.5,6.3,30.9,39.2
Townhouse in Kimihurura,Gasabo,Kimihurura,townhouse,2,2,7288,1879,1994,paved,0,4,1,18,374537777.0,Kimihurura,sector_centroid,3.371,0.457,0.382,0.893,0.446,67.4,71.0,62.4,43.5
Apartment in Nyarutarama,Gasabo,Nyarutarama,apartment,6,1,6384,2349,2007,paved,0,3,1,24,661046726.0,Remera,sector_centroid,5.253,0.415,0.103,1.031,0.685,62.8,61.1,74.5,43.6
Villa in Remera,Gasabo,Remera,villa,5,2,4958,585,2009,paved,0,4,0,30,215370632.0,Remera,sector_centroid,5.253,0.415,0.103,1.031,0.685,62.8,61.1,74.5,43.6
Apartment in Nyarutarama,Gasabo,Nyarutarama,apartment,5,3,4802,229,1997,dirt,0,2,1,8,476866723.0,Remera,sector_centroid,5.253,0.415,0.103,1.031,0.685,62.8,61.1,74.5,43.6
Villa in Kimihurura,Gasabo,Kimihurura,villa,1,4,7484,433,2024,paved,0,4,1,17,650000000.0,Kimihurura,sector_centroid,3.371,0.457,0.382,0.893,0.446,67.4,71.0,62.4,43.5
Townhouse in Gisozi,Gasabo,Gisozi,townhouse,2,5,6987,973,2009,dirt,0,3,0,15,83589733.0,Gisozi,sector_centroid,3.587,0.708,0.343,2.897,1.134,53.6,7.8,28.8,51.5
Villa in Gacuriro,Gasabo,Gacuriro,villa,1,3,972,2418,2004,paved,0,0,1,29,100585999.0,Kinyinya,sector_centroid,6.361,1.474,0.742,1.386,3.269,36.8,4.7,25.4,35.9
Villa in Kibagabaga,Gasabo,Kibagabaga,villa,1,5,2749,1290,2021,paved,0,4,0,8,175566729.0,Kimironko,sector_centroid,7.615,0.753,0.257,1.041,0.918,51.7,15.7,42.0,47.6
Apartment in Gitega,Nyarugenge,Gitega,apartment,4,2,1572,547,2017,paved,0,0,0,21,48862077.0,Gitega,sector_centroid,0.544,0.515,0.454,1.751,0.424,100.0,12.9,39.9,93.5
Villa in Gisozi,Gasabo,Gisozi,villa,6,3,7358,597,2005,paved,0,3,1,15,153696868.0,Gisozi,sector_centroid,3.587,0.708,0.343,2.897,1.134,53.6,7.8,28.8,51.5
House in Kimihurura,Gasabo,Kimihurura,house,4,5,1602,357,2024,dirt,0,1,1,16,293891751.0,Kimihurura,sector_centroid,3.371,0.457,0.382,0.893,0.446,67.4,71.0,62.4,43.5
Apartment in Gisozi,Gasabo,Gisozi,apartment,1,2,3904,158,2014,dirt,0,2,1,24,69856602.0,Gisozi,sector_centroid,3.587,0.708,0.343,2.897,1.134,53.6,7.8,28.8,51.5
Villa in Kanombe,Kicukiro,Kanombe,villa,6,4,2068,927,2008,dirt,0,4,1,11,93917139.0,Kanombe,sector_centroid,11.366,1.122,0.524,0.45,4.006,40.5,6.3,30.9,39.2
House in Gahanga,Kicukiro,Gahanga,house,4,5,7785,2325,2000,dirt,1,1,1,3,118546555.0,Gahanga,sector_centroid,11.004,1.745,3.418,1.278,5.766,21.9,0.6,10.0,21.8
House in Gacuriro,Gasabo,Gacuriro,house,4,1,5466,1158,1992,paved,0,4,1,9,159978766.0,Kinyinya,sector_centroid,6.361,1.474,0.742,1.386,3.269,36.8,4.7,25.4,35.9
Apartment in Nyarugenge Town,Nyarugenge,Nyarugenge Town,apartment,3,2,2975,1771,1998,paved,0,0,1,20,100199397.0,Nyarugenge,sector_centroid,1.093,0.336,0.36,1.779,0.304,89.2,100.0,96.2,44.6
Villa in Kimihurura,Gasabo,Kimihurura,villa,1,5,2546,2222,2006,dirt,0,1,1,6,295915074.0,Kimihurura,sector_centroid,3.371,0.457,0.382,0.893,0.446,67.4,71.0,62.4,43.5
Apartment in Kanombe,Kicukiro,Kanombe,apartment,6,3,5810,2316,1990,dirt,1,1,1,29,72269567.0,Kanombe,sector_centroid,11.366,1.122,0.524,0.45,4.006,40.5,6.3,30.9,39.2
Villa in Kanombe,Kicukiro,Kanombe,villa,2,3,3108,1012,2011,paved,0,4,1,29,115785872.0,Kanombe,sector_centroid,11.366,1.122,0.524,0.45,4.006,40.5,6.3,30.9,39.2
House in Nyarutarama,Gasabo,Nyarutarama,house,1,4,7594,1283,1992,paved,1,2,1,15,614999224.0,Remera,sector_centroid,5.253,0.415,0.103,1.031,0.685,62.8,61.1,74.5,43.6
House in Gisozi,Gasabo,Gisozi,house,5,1,1716,458,1999,dirt,0,1,1,2,55173393.0,Gisozi,sector_centroid,3.587,0.708,0.343,2.897,1.134,53.6,7.8,28.8,51.5
House in Gitega,Nyarugenge,Gitega,house,7,1,3731,1010,2005,paved,0,3,0,24,69243674.0,Gitega,sector_centroid,0.544,0.515,0.454,1.751,0.424,100.0,12.9,39.9,93.5
House in Gacuriro,Gasabo,Gacuriro,house,7,2,7352,875,2016,paved,0,3,0,28,268161924.0,Kinyinya,sector_centroid,6.361,1.474,0.742,1.386,3.269,36.8,4.7,25.4,35.9
House in Gacuriro,Gasabo,Gacuriro,house,3,2,7250,592,2014,dirt,1,3,1,27,232272436.0,Kinyinya,sector_centroid,6.361,1.474,0.742,1.386,3.269,36.8,4.7,25.4,35.9
Apartment in Gacuriro,Gasabo,Gacuriro,apartment,2,1,6206,941,2015,paved,1,2,1,17,202630302.0,Kinyinya,sector_centroid,6.361,1.474,0.742,1.386,3.269,36.8,4.7,25.4,35.9
Apartment in Kanombe,Kicukiro,Kanombe,apartment,3,1,1744,1219,2001,paved,0,2,0,11,56159665.0,Kanombe,sector_centroid,11.366,1.122,0.524,0.45,4.006,40.5,6.3,30.9,39.2
House in Kanombe,Kicukiro,Kanombe,house,1,4,5523,928,2006,dirt,1,4,0,24,95548268.0,Kanombe,sector_centroid,11.366,1.122,0.524,0.45,4.006,40.5,6.3,30.9,39.2
House in Gacuriro,Gasabo,Gacuriro,house,3,4,1373,1502,2010,dirt,1,2,0,11,118448514.0,Kinyinya,sector_centroid,6.361,1.474,0.742,1.386,3.269,36.8,4.7,25.4,35.9
Villa in Remera,Gasabo,Remera,villa,5,2,2371,1872,2014,paved,1,4,0,10,206520211.0,Remera,sector_centroid,5.253,0.415,0.103,1.031,0.685,62.8,61.1,74.5,43.6
Townhouse in Gisozi,Gasabo,Gisozi,townhouse,7,5,5769,1469,2019,paved,1,3,0,26,146491022.0,Gisozi,sector_centroid,3.587,0.708,0.343,2.897,1.134,53.6,7.8,28.8,51.5
Villa in Nyamirambo,Nyarugenge,Nyamirambo,villa,1,3,5022,1522,1995,paved,1,1,1,2,89728560.0,Nyamirambo,sector_centroid,5.271,1.435,1.088,0.992,2.672,39.6,6.1,22.4,38.4
Townhouse in Kicukiro Center,Kicukiro,Kicukiro Center,townhouse,5,1,4530,1847,2002,paved,1,0,0,28,110099770.0,Kicukiro,sector_centroid,5.052,0.681,0.439,0.158,0.54,65.6,38.9,39.2,52.8
Townhouse in Kimihurura,Gasabo,Kimihurura,townhouse,7,4,2592,870,2023,paved,1,0,1,26,403519396.0,Kimihurura,sector_centroid,3.371,0.457,0.382,0.893,0.446,67.4,71.0,62.4,43.5
Townhouse in Kanombe,Kicukiro,Kanombe,townhouse,5,5,3399,1962,2022,dirt,0,1,0,16,92866295.0,Kanombe,sector_centroid,11.366,1.122,0.524,0.45,4.006,40.5,6.3,30.9,39.2
Villa in Gitega,Nyarugenge,Gitega,villa,2,3,7073,2285,2021,paved,1,2,1,11,156000000.0,Gitega,sector_centroid,0.544,0.515,0.454,1.751,0.424,100.0,12.9,39.9,93.5
Villa in Kanombe,Kicukiro,Kanombe,villa,1,2,2035,1097,2014,dirt,1,3,1,15,87939654.0,Kanombe,sector_centroid,11.366,1.122,0.524,0.45,4.006,40.5,6.3,30.9,39.2
Townhouse in Gacuriro,Gasabo,Gacuriro,townhouse,7,4,3990,230,2014,paved,1,3,0,27,203922532.0,Kinyinya,sector_centroid,6.361,1.474,0.742,1.386,3.269,36.8,4.7,25.4,35.9
Villa in Nyarugenge Town,Nyarugenge,Nyarugenge Town,villa,6,5,7352,1053,2021,paved,0,3,1,22,260000000.0,Nyarugenge,sector_centroid,1.093,0.336,0.36,1.779,0.304,89.2,100.0,96.2,44.6
Townhouse in Nyarugenge Town,Nyarugenge,Nyarugenge Town,townhouse,2,4,1845,2337,1991,paved,0,0,0,5,82123205.0,Nyarugenge,sector_centroid,1.093,0.336,0.36,1.779,0.304,89.2,100.0,96.2,44.6
Townhouse in Kacyiru,Gasabo,Kacyiru,townhouse,1,3,3905,1490,2003,paved,0,3,1,27,200955173.0,Kacyiru,sector_centroid,2.73,0.36,0.225,2.358,1.737,61.6,34.1,43.6,51.1
Apartment in Kimihurura,Gasabo,Kimihurura,apartment,4,1,6936,2359,1993,paved,1,0,0,8,302398337.0,Kimihurura,sector_centroid,3.371,0.457,0.382,0.893,0.446,67.4,71.0,62.4,43.5
House in Nyarutarama,Gasabo,Nyarutarama,house,5,2,2754,667,2020,paved,1,2,0,6,622447960.0,Remera,sector_centroid,5.253,0.415,0.103,1.031,0.685,62.8,61.1,74.5,43.6
House in Nyarugenge Town,Nyarugenge,Nyarugenge Town,house,6,1,7171,820,2009,paved,0,4,0,13,185363948.0,Nyarugenge,sector_centroid,1.093,0.336,0.36,1.779,0.304,89.2,100.0,96.2,44.6
Apartment in Nyarugenge Town,Nyarugenge,Nyarugenge Town,apartment,2,1,5650,1144,1996,dirt,0,0,0,19,86679302.0,Nyarugenge,sector_centroid,1.093,0.336,0.36,1.779,0.304,89.2,100.0,96.2,44.6
Apartment in Kibagabaga,Gasabo,Kibagabaga,apartment,5,4,6219,1667,1994,paved,0,3,1,12,153180293.0,Kimironko,sector_centroid,7.615,0.753,0.257,1.041,0.918,51.7,15.7,42.0,47.6
Apartment in Kicukiro Center,Kicukiro,Kicukiro Center,apartment,6,2,4367,871,2023,paved,0,3,1,27,150304484.0,Kicukiro,sector_centroid,5.052,0.681,0.439,0.158,0.54,65.6,38.9,39.2,52.8
Townhouse in Remera,Gasabo,Remera,townhouse,3,2,7605,504,2007,paved,0,4,0,11,189384233.0,Remera,sector_centroid,5.253,0.415,0.103,1.031,0.685,62.8,61.1,74.5,43.6
Apartment in Kibagabaga,Gasabo,Kibagabaga,apartment,2,4,2537,1603,2006,paved,0,2,0,17,103256182.0,Kimironko,sector_centroid,7.615,0.753,0.257,1.041,0.918,51.7,15.7,42.0,47.6
Townhouse in Kimihurura,Gasabo,Kimihurura,townhouse,2,4,4802,2424,2005,paved,0,0,1,8,335918855.0,Kimihurura,sector_centroid,3.371,0.457,0.382,0.893,0.446,67.4,71.0,62.4,43.5
Apartment in Gacuriro,Gasabo,Gacuriro,apartment,3,5,3823,2088,2025,paved,0,2,1,15,192502275.0,Kinyinya,sector_centroid,6.361,1.474,0.742,1.386,3.269,36.8,4.7,25.4,35.9
House in Remera,Gasabo,Remera,house,2,1,6708,938,2010,dirt,0,1,1,24,163137397.0,Remera,sector_centroid,5.253,0.415,0.103,1.031,0.685,62.8,61.1,74.5,43.6
Villa in Nyarugenge Town,Nyarugenge,Nyarugenge Town,villa,5,5,5688,1309,1996,paved,1,2,1,18,190068271.0,Nyarugenge,sector_centroid,1.093,0.336,0.36,1.779,0.304,89.2,100.0,96.2,44.6
House in Nyarutarama,Gasabo,Nyarutarama,house,1,5,3193,667,2021,dirt,0,3,1,11,460869794.0,Remera,sector_centroid,5.253,0.415,0.103,1.031,0.685,62.8,61.1,74.5,43.6
Townhouse in Nyarutarama,Gasabo,Nyarutarama,townhouse,3,4,1734,417,2015,paved,0,0,1,26,404988422.0,Remera,sector_centroid,5.253,0.415,0.103,1.031,0.685,62.8,61.1,74.5,43.6
Villa in Remera,Gasabo,Remera,villa,1,2,1770,2435,2016,dirt,1,3,1,19,168049513.0,Remera,sector_centroid,5.253,0.415,0.103,1.031,0.685,62.8,61.1,74.5,43.6
Villa in Remera,Gasabo,Remera,villa,5,5,1293,556,2003,paved,1,1,1,3,180237004.0,Remera,sector_centroid,5.253,0.415,0.103,1.031,0.685,62.8,61.1,74.5,43.6
Villa in Gisozi,Gasabo,Gisozi,villa,4,5,4649,1342,1992,paved,1,3,1,8,134226324.0,Gisozi,sector_centroid,3.587,0.708,0.343,2.897,1.134,53.6,7.8,28.8,51.5
House in Gitega,Nyarugenge,Gitega,house,7,5,6216,960,2017,paved,0,2,0,3,124640842.0,Gitega,sector_centroid,0.544,0.515,0.454,1.751,0.424,100.0,12.9,39.9,93.5
Townhouse in Gitega,Nyarugenge,Gitega,townhouse,3,5,6935,2481,2008,paved,0,3,0,17,101132719.0,Gitega,sector_centroid,0.544,0.515,0.454,1.751,0.424,100.0,12.9,39.9,93.5
Apartment in Kicukiro Center,Kicukiro,Kicukiro Center,apartment,1,5,1126,1919,2010,paved,1,4,0,1,100455739.0,Kicukiro,sector_centroid,5.052,0.681,0.439,0.158,0.54,65.6,38.9,39.2,52.8
Townhouse in Nyamirambo,Nyarugenge,Nyamirambo,townhouse,7,3,5520,314,2001,paved,0,2,1,19,91278215.0,Nyamirambo,sector_centroid,5.271,1.435,1.088,0.992,2.672,39.6,6.1,22.4,38.4
Apartment in Kicukiro Center,Kicukiro,Kicukiro Center,apartment,1,4,3650,1822,2011,paved,0,2,1,16,99525170.0,Kicukiro,sector_centroid,5.052,0.681,0.439,0.158,0.54,65.6,38.9,39.2,52.8
Apartment in Gisozi,Gasabo,Gisozi,apartment,7,5,1100,2012,1995,paved,1,3,0,27,64535762.0,Gisozi,sector_centroid,3.587,0.708,0.343,2.897,1.134,53.6,7.8,28.8,51.5
Villa in Nyamirambo,Nyarugenge,Nyamirambo,villa,7,5,4584,1842,1993,paved,0,3,0,25,80805104.0,Nyamirambo,sector_centroid,5.271,1.435,1.088,0.992,2.672,39.6,6.1,22.4,38.4
House in Remera,Gasabo,Remera,house,5,2,3159,1944,2021,paved,0,1,0,10,186626302.0,Remera,sector_centroid,5.253,0.415,0.103,1.031,0.685,62.8,61.1,74.5,43.6
House in Kanombe,Kicukiro,Kanombe,house,4,1,2640,614,2019,paved,1,2,1,9,110628649.0,Kanombe,sector_centroid,11.366,1.122,0.524,0.45,4.006,40.5,6.3,30.9,39.2
Townhouse in Kicukiro Center,Kicukiro,Kicukiro Center,townhouse,4,2,4541,2407,1999,paved,0,1,0,9,110078152.0,Kicukiro,sector_centroid,5.052,0.681,0.439,0.158,0.54,65.6,38.9,39.2,52.8
Apartment in Gisozi,Gasabo,Gisozi,apartment,3,5,2988,160,2008,dirt,0,3,0,15,62841837.0,Gisozi,sector_centroid,3.587,0.708,0.343,2.897,1.134,53.6,7.8,28.8,51.5
Townhouse in Kibagabaga,Gasabo,Kibagabaga,townhouse,3,5,7049,2375,2014,dirt,0,1,0,8,171256719.0,Kimironko,sector_centroid,7.615,0.753,0.257,1.041,0.918,51.7,15.7,42.0,47.6
Townhouse in Gisozi,Gasabo,Gisozi,townhouse,1,3,6900,2087,2014,dirt,0,1,1,2,90849655.0,Gisozi,sector_centroid,3.587,0.708,0.343,2.897,1.134,53.6,7.8,28.8,51.5
Townhouse in Gahanga,Kicukiro,Gahanga,townhouse,3,1,7961,1953,1996,paved,1,1,1,26,98702914.0,Gahanga,sector_centroid,11.004,1.745,3.418,1.278,5.766,21.9,0.6,10.0,21.8
Townhouse in Kibagabaga,Gasabo,Kibagabaga,townhouse,5,4,6123,478,2011,dirt,0,3,0,2,165293523.0,Kimironko,sector_centroid,7.615,0.753,0.257,1.041,0.918,51.7,15.7,42.0,47.6
House in Gacuriro,Gasabo,Gacuriro,house,6,3,2663,520,2017,dirt,0,0,1,23,143845514.0,Kinyinya,sector_centroid,6.361,1.474,0.742,1.386,3.269,36.8,4.7,25.4,35.9
Apartment in Nyarutarama,Gasabo,Nyarutarama,apartment,1,3,7322,379,2008,paved,1,4,1,22,691146409.0,Remera,sector_centroid,5.253,0.415,0.103,1.031,0.685,62.8,61.1,74.5,43.6
Townhouse in Kacyiru,Gasabo,Kacyiru,townhouse,2,1,5792,1716,2005,dirt,1,3,0,15,212955058.0,Kacyiru,sector_centroid,2.73,0.36,0.225,2.358,1.737,61.6,34.1,43.6,51.1
House in Nyarutarama,Gasabo,Nyarutarama,house,7,4,3156,2388,2000,paved,1,4,1,14,648717608.0,Remera,sector_centroid,5.253,0.415,0.103,1.031,0.685,62.8,61.1,74.5,43.6
House in Kicukiro Center,Kicukiro,Kicukiro Center,house,7,3,2431,1725,2020,paved,0,4,1,23,133006891.0,Kicukiro,sector_centroid,5.052,0.681,0.439,0.158,0.54,65.6,38.9,39.2,52.8
Townhouse in Nyamirambo,Nyarugenge,Nyamirambo,townhouse,4,3,866,2468,1993,dirt,0,1,0,12,32250438.0,Nyamirambo,sector_centroid,5.271,1.435,1.088,0.992,2.672,39.6,6.1,22.4,38.4
House in Gacuriro,Gasabo,Gacuriro,house,5,3,6352,710,1996,paved,0,4,1,5,202594065.0,Kinyinya,sector_centroid,6.361,1.474,0.742,1.386,3.269,36.8,4.7,25.4,35.9
Apartment in Remera,Gasabo,Remera,apartment,3,4,2238,972,1998,paved,0,1,1,27,119583436.0,Remera,sector_centroid,5.253,0.415,0.103,1.031,0.685,62.8,61.1,74.5,43.6
House in Gitega,Nyarugenge,Gitega,house,3,3,7388,621,2019,paved,0,3,0,26,111667825.0,Gitega,sector_centroid,0.544,0.515,0.454,1.751,0.424,100.0,12.9,39.9,93.5
House in Kimihurura,Gasabo,Kimihurura,house,7,4,914,1233,2024,paved,0,2,0,27,307284069.0,Kimihurura,sector_centroid,3.371,0.457,0.382,0.893,0.446,67.4,71.0,62.4,43.5
Apartment in Kibagabaga,Gasabo,Kibagabaga,apartment,1,2,4662,252,2025,dirt,1,0,0,15,129986312.0,Kimironko,sector_centroid,7.615,0.753,0.257,1.041,0.918,51.7,15.7,42.0,47.6
House in Remera,Gasabo,Remera,house,6,4,1755,722,1992,paved,0,0,1,18,110961983.0,Remera,sector_centroid,5.253,0.415,0.103,1.031,0.685,62.8,61.1,74.5,43.6
House in Kicukiro Center,Kicukiro,Kicukiro Center,house,3,5,4233,782,2016,dirt,0,2,1,12,120278100.0,Kicukiro,sector_centroid,5.052,0.681,0.439,0.158,0.54,65.6,38.9,39.2,52.8
Apartment in Kicukiro Center,Kicukiro,Kicukiro Center,apartment,2,3,1613,1654,2024,paved,1,0,0,27,86061483.0,Kicukiro,sector_centroid,5.052,0.681,0.439,0.158,0.54,65.6,38.9,39.2,52.8
Villa in Nyamirambo,Nyarugenge,Nyamirambo,villa,2,5,974,357,2011,dirt,0,1,1,25,56642908.0,Nyamirambo,sector_centroid,5.271,1.435,1.088,0.992,2.672,39.6,6.1,22.4,38.4
Apartment in Gahanga,Kicukiro,Gahanga,apartment,2,2,3491,754,1990,dirt,1,1,1,26,40301154.0,Gahanga,sector_centroid,11.004,1.745,3.418,1.278,5.766,21.9,0.6,10.0,21.8
Villa in Nyamirambo,Nyarugenge,Nyamirambo,villa,7,1,1879,210,2012,paved,1,2,1,24,90273653.0,Nyamirambo,sector_centroid,5.271,1.435,1.088,0.992,2.672,39.6,6.1,22.4,38.4
House in Kimihurura,Gasabo,Kimihurura,house,6,1,4701,1986,2013,paved,1,4,1,26,494661073.0,Kimihurura,sector_centroid,3.371,0.457,0.382,0.893,0.446,67.4,71.0,62.4,43.5
Townhouse in Nyamirambo,Nyarugenge,Nyamirambo,townhouse,5,3,4552,277,1993,dirt,0,0,1,30,52305716.0,Nyamirambo,sector_centroid,5.271,1.435,1.088,0.992,2.672,39.6,6.1,22.4,38.4
Apartment in Kimihurura,Gasabo,Kimihurura,apartment,3,5,2015,419,1998,paved,0,2,1,20,229739333.0,Kimihurura,sector_centroid,3.371,0.457,0.382,0.893,0.446,67.4,71.0,62.4,43.5
Villa in Kicukiro Center,Kicukiro,Kicukiro Center,villa,5,5,4324,556,1997,paved,0,3,1,15,152582846.0,Kicukiro,sector_centroid,5.052,0.681,0.439,0.158,0.54,65.6,38.9,39.2,52.8
Apartment in Nyarugenge Town,Nyarugenge,Nyarugenge Town,apartment,1,3,4296,1430,2006,dirt,0,3,1,27,83519404.0,Nyarugenge,sector_centroid,1.093,0.336,0.36,1.779,0.304,89.2,100.0,96.2,44.6
House in Gisozi,Gasabo,Gisozi,house,1,3,7450,682,2025,paved,0,2,0,14,120961405.0,Gisozi,sector_centroid,3.587,0.708,0.343,2.897,1.134,53.6,7.8,28.8,51.5
Apartment in Nyamirambo,Nyarugenge,Nyamirambo,apartment,7,4,7911,360,2008,paved,0,1,1,16,112044619.0,Nyamirambo,sector_centroid,5.271,1.435,1.088,0.992,2.672,39.6,6.1,22.4,38.4
Villa in Kimihurura,Gasabo,Kimihurura,villa,3,5,3811,620,2007,dirt,0,4,0,21,339866716.0,Kimihurura,sector_centroid,3.371,0.457,0.382,0.893,0.446,67.4,71.0,62.4,43.5
Apartment in Gahanga,Kicukiro,Gahanga,apartment,6,3,1037,888,2007,dirt,1,1,0,19,50007183.0,Gahanga,sector_centroid,11.004,1.745,3.418,1.278,5.766,21.9,0.6,10.0,21.8
Townhouse in Kimihurura,Gasabo,Kimihurura,townhouse,2,1,1551,2322,2003,paved,1,2,1,11,254634167.0,Kimihurura,sector_centroid,3.371,0.457,0.382,0.893,0.446,67.4,71.0,62.4,43.5
House in Gahanga,Kicukiro,Gahanga,house,5,1,1230,787,2000,paved,1,3,1,15,60975370.0,Gahanga,sector_centroid,11.004,1.745,3.418,1.278,5.766,21.9,0.6,10.0,21.8
House in Gacuriro,Gasabo,Gacuriro,house,7,5,1732,1563,2017,paved,0,3,1,10,179843085.0,Kinyinya,sector_centroid,6.361,1.474,0.742,1.386,3.269,36.8,4.7,25.4,35.9
Villa in Gisozi,Gasabo,Gisozi,villa,5,1,862,987,2009,dirt,0,2,1,1,72265041.0,Gisozi,sector_centroid,3.587,0.708,0.343,2.897,1.134,53.6,7.8,28.8,51.5
Apartment in Gisozi,Gasabo,Gisozi,apartment,2,2,3914,2331,2004,paved,0,0,1,15,76374366.0,Gisozi,sector_centroid,3.587,0.708,0.343,2.897,1.134,53.6,7.8,28.8,51.5
Apartment in Kibagabaga,Gasabo,Kibagabaga,apartment,5,4,5497,1806,2016,paved,1,2,1,20,189568169.0,Kimironko,sector_centroid,7.615,0.753,0.257,1.041,0.918,51.7,15.7,42.0,47.6
Townhouse in Nyarugenge Town,Nyarugenge,Nyarugenge Town,townhouse,3,1,4377,583,2005,paved,0,3,0,24,104974256.0,Nyarugenge,sector_centroid,1.093,0.336,0.36,1.779,0.304,89.2,100.0,96.2,44.6
Villa in Kibagabaga,Gasabo,Kibagabaga,villa,7,2,1425,2240,1997,dirt,1,1,1,5,112752387.0,Kimironko,sector_centroid,7.615,0.753,0.257,1.041,0.918,51.7,15.7,42.0,47.6
Townhouse in Kacyiru,Gasabo,Kacyiru,townhouse,5,2,7027,458,2001,paved,0,4,1,30,329633358.0,Kacyiru,sector_centroid,2.73,0.36,0.225,2.358,1.737,61.6,34.1,43.6,51.1
Townhouse in Nyamirambo,Nyarugenge,Nyamirambo,townhouse,6,5,3447,1444,1999,paved,0,2,0,19,61444131.0,Nyamirambo,sector_centroid,5.271,1.435,1.088,0.992,2.672,39.6,6.1,22.4,38.4
House in Kanombe,Kicukiro,Kanombe,house,1,3,4582,2001,1992,paved,1,0,0,17,73087115.0,Kanombe,sector_centroid,11.366,1.122,0.524,0.45,4.006,40.5,6.3,30.9,39.2
Apartment in Gahanga,Kicukiro,Gahanga,apartment,5,1,4484,2491,2002,paved,0,0,1,26,73018438.0,Gahanga,sector_centroid,11.004,1.745,3.418,1.278,5.766,21.9,0.6,10.0,21.8
Villa in Kibagabaga,Gasabo,Kibagabaga,villa,6,1,4933,856,1992,dirt,0,4,1,6,140894004.0,Kimironko,sector_centroid,7.615,0.753,0.257,1.041,0.918,51.7,15.7,42.0,47.6
Apartment in Remera,Gasabo,Remera,apartment,4,4,7144,1535,1993,paved,1,3,1,24,211248997.0,Remera,sector_centroid,5.253,0.415,0.103,1.031,0.685,62.8,61.1,74.5,43.6
Apartment in Gahanga,Kicukiro,Gahanga,apartment,7,2,3530,483,1999,paved,0,3,1,23,77557974.0,Gahanga,sector_centroid,11.004,1.745,3.418,1.278,5.766,21.9,0.6,10.0,21.8
House in Remera,Gasabo,Remera,house,5,4,6071,1495,1998,paved,0,2,1,10,201174089.0,Remera,sector_centroid,5.253,0.415,0.103,1.031,0.685,62.8,61.1,74.5,43.6
Villa in Gacuriro,Gasabo,Gacuriro,villa,3,4,2372,1077,1998,paved,0,0,1,18,164697116.0,Kinyinya,sector_centroid,6.361,1.474,0.742,1.386,3.269,36.8,4.7,25.4,35.9
Villa in Kanombe,Kicukiro,Kanombe,villa,1,3,7979,686,2014,paved,0,4,0,6,177808571.0,Kanombe,sector_centroid,11.366,1.122,0.524,0.45,4.006,40.5,6.3,30.9,39.2
Apartment in Nyarutarama,Gasabo,Nyarutarama,apartment,4,3,6340,1122,2018,dirt,0,1,1,10,675161894.0,Remera,sector_centroid,5.253,0.415,0.103,1.031,0.685,62.8,61.1,74.5,43.6
Townhouse in Gitega,Nyarugenge,Gitega,townhouse,4,2,3813,2486,2018,dirt,0,4,1,6,89335228.0,Gitega,sector_centroid,0.544,0.515,0.454,1.751,0.424,100.0,12.9,39.9,93.5
Townhouse in Gitega,Nyarugenge,Gitega,townhouse,5,2,7951,1174,1993,dirt,0,0,0,17,75465509.0,Gitega,sector_centroid,0.544,0.515,0.454,1.751,0.424,100.0,12.9,39.9,93.5
Villa in Remera,Gasabo,Remera,villa,1,2,3034,1990,2022,dirt,1,1,0,29,147288125.0,Remera,sector_centroid,5.253,0.415,0.103,1.031,0.685,62.8,61.1,74.5,43.6
Villa in Nyarutarama,Gasabo,Nyarutarama,villa,4,1,4047,2206,2013,paved,1,1,1,30,598089680.0,Remera,sector_centroid,5.253,0.415,0.103,1.031,0.685,62.8,61.1,74.5,43.6
House in Nyarugenge Town,Nyarugenge,Nyarugenge Town,house,6,3,7282,748,1998,paved,0,1,0,16,161565473.0,Nyarugenge,sector_centroid,1.093,0.336,0.36,1.779,0.304,89.2,100.0,96.2,44.6
Townhouse in Nyarutarama,Gasabo,Nyarutarama,townhouse,1,1,2896,1033,1999,paved,1,2,1,8,390302070.0,Remera,sector_centroid,5.253,0.415,0.103,1.031,0.685,62.8,61.1,74.5,43.6
House in Gitega,Nyarugenge,Gitega,house,5,4,1314,604,2021,paved,0,1,1,1,87862792.0,Gitega,sector_centroid,0.544,0.515,0.454,1.751,0.424,100.0,12.9,39.9,93.5
Apartment in Gacuriro,Gasabo,Gacuriro,apartment,5,4,2334,500,2023,paved,0,4,0,17,168633398.0,Kinyinya,sector_centroid,6.361,1.474,0.742,1.386,3.269,36.8,4.7,25.4,35.9
Apartment in Gisozi,Gasabo,Gisozi,apartment,7,4,1156,1734,2013,dirt,1,0,1,24,67122198.0,Gisozi,sector_centroid,3.587,0.708,0.343,2.897,1.134,53.6,7.8,28.8,51.5
House in Kimihurura,Gasabo,Kimihurura,house,7,5,6822,1511,1998,paved,1,1,0,22,457201272.0,Kimihurura,sector_centroid,3.371,0.457,0.382,0.893,0.446,67.4,71.0,62.4,43.5
Townhouse in Nyarugenge Town,Nyarugenge,Nyarugenge Town,townhouse,4,2,7447,702,1994,paved,1,1,0,11,166002519.0,Nyarugenge,sector_centroid,1.093,0.336,0.36,1.779,0.304,89.2,100.0,96.2,44.6
Villa in Kanombe,Kicukiro,Kanombe,villa,4,5,4678,1187,1992,paved,0,0,0,11,98822279.0,Kanombe,sector_centroid,11.366,1.122,0.524,0.45,4.006,40.5,6.3,30.9,39.2
Apartment in Gitega,Nyarugenge,Gitega,apartment,3,4,4076,1951,2014,dirt,0,3,1,26,68287445.0,Gitega,sector_centroid,0.544,0.515,0.454,1.751,0.424,100.0,12.9,39.9,93.5
Apartment in Gitega,Nyarugenge,Gitega,apartment,1,4,1446,1913,2001,paved,1,2,1,20,54019683.0,Gitega,sector_centroid,0.544,0.515,0.454,1.751,0.424,100.0,12.9,39.9,93.5
Apartment in Kacyiru,Gasabo,Kacyiru,apartment,6,4,3679,1981,1992,paved,0,0,1,21,198361331.0,Kacyiru,sector_centroid,2.73,0.36,0.225,2.358,1.737,61.6,34.1,43.6,51.1
House in Kanombe,Kicukiro,Kanombe,house,7,2,1055,734,2018,paved,1,2,1,19,88440511.0,Kanombe,sector_centroid,11.366,1.122,0.524,0.45,4.006,40.5,6.3,30.9,39.2
House in Kacyiru,Gasabo,Kacyiru,house,6,4,3838,1673,2018,paved,0,3,1,9,347713684.0,Kacyiru,sector_centroid,2.73,0.36,0.225,2.358,1.737,61.6,34.1,43.6,51.1
House in Kimihurura,Gasabo,Kimihurura,house,1,2,4888,2270,2014,paved,1,3,1,20,374644744.0,Kimihurura,sector_centroid,3.371,0.457,0.382,0.893,0.446,67.4,71.0,62.4,43.5
Villa in Kicukiro Center,Kicukiro,Kicukiro Center,villa,2,1,1911,453,2018,dirt,0,0,0,28,90709586.0,Kicukiro,sector_centroid,5.052,0.681,0.439,0.158,0.54,65.6,38.9,39.2,52.8
Apartment in Nyamirambo,Nyarugenge,Nyamirambo,apartment,3,1,5305,2370,2008,dirt,0,1,0,17,54040020.0,Nyamirambo,sector_centroid,5.271,1.435,1.088,0.992,2.672,39.6,6.1,22.4,38.4
Apartment in Gacuriro,Gasabo,Gacuriro,apartment,7,2,2739,2173,1991,paved,1,4,1,29,117640909.0,Kinyinya,sector_centroid,6.361,1.474,0.742,1.386,3.269,36.8,4.7,25.4,35.9
House in Remera,Gasabo,Remera,house,4,4,5106,1832,2016,paved,1,0,1,22,238453982.0,Remera,sector_centroid,5.253,0.415,0.103,1.031,0.685,62.8,61.1,74.5,43.6
Townhouse in Kacyiru,Gasabo,Kacyiru,townhouse,7,5,6041,895,1998,paved,0,0,1,10,308016779.0,Kacyiru,sector_centroid,2.73,0.36,0.225,2.358,1.737,61.6,34.1,43.6,51.1
House in Kibagabaga,Gasabo,Kibagabaga,house,6,2,3634,2275,2008,paved,0,4,1,21,141261522.0,Kimironko,sector_centroid,7.615,0.753,0.257,1.041,0.918,51.7,15.7,42.0,47.6
Villa in Kanombe,Kicukiro,Kanombe,villa,1,5,6050,840,1999,paved,0,4,1,30,121858770.0,Kanombe,sector_centroid,11.366,1.122,0.524,0.45,4.006,40.5,6.3,30.9,39.2
Townhouse in Nyarutarama,Gasabo,Nyarutarama,townhouse,1,1,6054,1234,2003,paved,1,4,1,10,582266814.0,Remera,sector_centroid,5.253,0.415,0.103,1.031,0.685,62.8,61.1,74.5,43.6
House in Gitega,Nyarugenge,Gitega,house,7,4,3236,2007,1994,paved,0,3,1,20,69737888.0,Gitega,sector_centroid,0.544,0.515,0.454,1.751,0.424,100.0,12.9,39.9,93.5
House in Nyarugenge Town,Nyarugenge,Nyarugenge Town,house,3,3,4066,685,2013,paved,0,2,1,5,144543515.0,Nyarugenge,sector_centroid,1.093,0.336,0.36,1.779,0.304,89.2,100.0,96.2,44.6
Apartment in Remera,Gasabo,Remera,apartment,4,5,4225,1166,2000,dirt,0,1,0,16,138064901.0,Remera,sector_centroid,5.253,0.415,0.103,1.031,0.685,62.8,61.1,74.5,43.6
Townhouse in Kicukiro Center,Kicukiro,Kicukiro Center,townhouse,4,3,4874,244,1995,paved,0,1,0,2,96549851.0,Kicukiro,sector_centroid,5.052,0.681,0.439,0.158,0.54,65.6,38.9,39.2,52.8
House in Kicukiro Center,Kicukiro,Kicukiro Center,house,5,4,3140,2348,1990,paved,0,2,0,12,81355567.0,Kicukiro,sector_centroid,5.052,0.681,0.439,0.158,0.54,65.6,38.9,39.2,52.8
Apartment in Nyarutarama,Gasabo,Nyarutarama,apartment,5,5,2394,1634,2025,paved,0,4,1,20,601808869.0,Remera,sector_centroid,5.253,0.415,0.103,1.031,0.685,62.8,61.1,74.5,43.6
Apartment in Kimihurura,Gasabo,Kimihurura,apartment,2,1,4026,1678,2011,dirt,1,4,1,2,276209435.0,Kimihurura,sector_centroid,3.371,0.457,0.382,0.893,0.446,67.4,71.0,62.4,43.5
Townhouse in Kacyiru,Gasabo,Kacyiru,townhouse,6,3,7386,2090,2023,paved,0,1,1,20,420259516.0,Kacyiru,sector_centroid,2.73,0.36,0.225,2.358,1.737,61.6,34.1,43.6,51.1
Townhouse in Gisozi,Gasabo,Gisozi,townhouse,5,3,5663,1527,2022,dirt,1,0,1,22,101500807.0,Gisozi,sector_centroid,3.587,0.708,0.343,2.897,1.134,53.6,7.8,28.8,51.5
Apartment in Gisozi,Gasabo,Gisozi,apartment,5,3,7327,259,2020,dirt,0,4,0,24,93233427.0,Gisozi,sector_centroid,3.587,0.708,0.343,2.897,1.134,53.6,7.8,28.8,51.5
Villa in Kicukiro Center,Kicukiro,Kicukiro Center,villa,2,5,5952,1707,1999,paved,0,0,1,15,147652379.0,Kicukiro,sector_centroid,5.052,0.681,0.439,0.158,0.54,65.6,38.9,39.2,52.8
House in Kacyiru,Gasabo,Kacyiru,house,4,2,4161,2205,2020,dirt,0,4,1,22,268364280.0,Kacyiru,sector_centroid,2.73,0.36,0.225,2.358,1.737,61.6,34.1,43.6,51.1
Apartment in Gisozi,Gasabo,Gisozi,apartment,3,2,4565,2333,2011,paved,0,2,0,7,93157097.0,Gisozi,sector_centroid,3.587,0.708,0.343,2.897,1.134,53.6,7.8,28.8,51.5
Villa in Remera,Gasabo,Remera,villa,5,3,2642,1369,2008,paved,0,3,1,30,204985242.0,Remera,sector_centroid,5.253,0.415,0.103,1.031,0.685,62.8,61.1,74.5,43.6
Townhouse in Nyarugenge Town,Nyarugenge,Nyarugenge Town,townhouse,3,3,1798,2498,2024,dirt,1,2,0,26,90589734.0,Nyarugenge,sector_centroid,1.093,0.336,0.36,1.779,0.304,89.2,100.0,96.2,44.6
Townhouse in Nyarutarama,Gasabo,Nyarutarama,townhouse,3,1,3637,1961,2006,paved,0,2,0,23,368856452.0,Remera,sector_centroid,5.253,0.415,0.103,1.031,0.685,62.8,61.1,74.5,43.6
Villa in Kimihurura,Gasabo,Kimihurura,villa,5,5,2760,1143,1993,paved,1,3,1,16,348868174.0,Kimihurura,sector_centroid,3.371,0.457,0.382,0.893,0.446,67.4,71.0,62.4,43.5
Townhouse in Gitega,Nyarugenge,Gitega,townhouse,2,1,5308,796,2016,paved,1,2,1,21,84047146.0,Gitega,sector_centroid,0.544,0.515,0.454,1.751,0.424,100.0,12.9,39.9,93.5
Villa in Gitega,Nyarugenge,Gitega,villa,1,5,2702,2341,1992,paved,0,0,0,13,64128677.0,Gitega,sector_centroid,0.544,0.515,0.454,1.751,0.424,100.0,12.9,39.9,93.5
Apartment in Kacyiru,Gasabo,Kacyiru,apartment,6,3,7982,303,1990,paved,1,2,1,21,318109954.0,Kacyiru,sector_centroid,2.73,0.36,0.225,2.358,1.737,61.6,34.1,43.6,51.1
House in Kicukiro Center,Kicukiro,Kicukiro Center,house,2,5,4634,1267,2002,paved,0,2,0,1,130003572.0,Kicukiro,sector_centroid,5.052,0.681,0.439,0.158,0.54,65.6,38.9,39.2,52.8
Townhouse in Gitega,Nyarugenge,Gitega,townhouse,3,5,6324,941,2001,dirt,0,0,1,4,76873845.0,Gitega,sector_centroid,0.544,0.515,0.454,1.751,0.424,100.0,12.9,39.9,93.5
Townhouse in Kacyiru,Gasabo,Kacyiru,townhouse,4,3,2832,177,2006,paved,0,2,1,24,221465677.0,Kacyiru,sector_centroid,2.73,0.36,0.225,2.358,1.737,61.6,34.1,43.6,51.1
House in Remera,Gasabo,Remera,house,6,3,6475,1117,1993,paved,1,4,0,29,202665087.0,Remera,sector_centroid,5.253,0.415,0.103,1.031,0.685,62.8,61.1,74.5,43.6
Villa in Remera,Gasabo,Remera,villa,6,1,6032,1358,2013,paved,1,1,1,20,294166728.0,Remera,sector_centroid,5.253,0.415,0.103,1.031,0.685,62.8,61.1,74.5,43.6
Villa in Nyarugenge Town,Nyarugenge,Nyarugenge Town,villa,5,4,7004,2351,2003,paved,0,0,1,17,229655572.0,Nyarugenge,sector_centroid,1.093,0.336,0.36,1.779,0.304,89.2,100.0,96.2,44.6
Villa in Kimihurura,Gasabo,Kimihurura,villa,5,1,1305,2393,2022,paved,1,2,0,15,335484910.0,Kimihurura,sector_centroid,3.371,0.457,0.382,0.893,0.446,67.4,71.0,62.4,43.5
Townhouse in Gacuriro,Gasabo,Gacuriro,townhouse,6,5,4804,522,2022,dirt,0,4,1,19,199333723.0,Kinyinya,sector_centroid,6.361,1.474,0.742,1.386,3.269,36.8,4.7,25.4,35.9
Apartment in Kicukiro Center,Kicukiro,Kicukiro Center,apartment,6,3,6725,239,2015,dirt,0,4,1,14,150004750.0,Kicukiro,sector_centroid,5.052,0.681,0.439,0.158,0.54,65.6,38.9,39.2,52.8
Apartment in Kimihurura,Gasabo,Kimihurura,apartment,5,1,1365,2083,1992,paved,0,3,1,29,171033105.0,Kimihurura,sector_centroid,3.371,0.457,0.382,0.893,0.446,67.4,71.0,62.4,43.5
Apartment in Gisozi,Gasabo,Gisozi,apartment,4,1,6392,2358,1998,paved,0,3,1,24,93891609.0,Gisozi,sector_centroid,3.587,0.708,0.343,2.897,1.134,53.6,7.8,28.8,51.5
Townhouse in Nyarutarama,Gasabo,Nyarutarama,townhouse,7,1,3244,2046,2024,paved,0,1,1,5,620332298.0,Remera,sector_centroid,5.253,0.415,0.103,1.031,0.685,62.8,61.1,74.5,43.6
Villa in Nyarugenge Town,Nyarugenge,Nyarugenge Town,villa,7,1,1063,1867,1991,paved,1,0,1,22,109269387.0,Nyarugenge,sector_centroid,1.093,0.336,0.36,1.779,0.304,89.2,100.0,96.2,44.6
Villa in Nyarutarama,Gasabo,Nyarutarama,villa,2,1,4095,1947,2004,dirt,0,1,1,10,448826184.0,Remera,sector_centroid,5.253,0.415,0.103,1.031,0.685,62.8,61.1,74.5,43.6
Apartment in Nyarugenge Town,Nyarugenge,Nyarugenge Town,apartment,5,3,5530,1463,2005,dirt,0,4,1,10,131554126.0,Nyarugenge,sector_centroid,1.093,0.336,0.36,1.779,0.304,89.2,100.0,96.2,44.6
Townhouse in Kanombe,Kicukiro,Kanombe,townhouse,5,2,5928,1899,2025,paved,1,3,0,11,163017658.0,Kanombe,sector_centroid,11.366,1.122,0.524,0.45,4.006,40.5,6.3,30.9,39.2
Townhouse in Gisozi,Gasabo,Gisozi,townhouse,2,3,3883,903,2024,paved,1,1,0,30,78685823.0,Gisozi,sector_centroid,3.587,0.708,0.343,2.897,1.134,53.6,7.8,28.8,51.5
Villa in Gisozi,Gasabo,Gisozi,villa,4,5,5141,699,2014,paved,1,0,0,28,125418543.0,Gisozi,sector_centroid,3.587,0.708,0.343,2.897,1.134,53.6,7.8,28.8,51.5
House in Kanombe,Kicukiro,Kanombe,house,6,2,1222,1249,2014,dirt,1,4,0,18,70598230.0,Kanombe,sector_centroid,11.366,1.122,0.524,0.45,4.006,40.5,6.3,30.9,39.2
Villa in Gacuriro,Gasabo,Gacuriro,villa,7,3,3283,212,2003,dirt,1,3,0,23,184522212.0,Kinyinya,sector_centroid,6.361,1.474,0.742,1.386,3.269,36.8,4.7,25.4,35.9
Townhouse in Gacuriro,Gasabo,Gacuriro,townhouse,4,2,5322,1467,2008,paved,0,2,1,17,209200658.0,Kinyinya,sector_centroid,6.361,1.474,0.742,1.386,3.269,36.8,4.7,25.4,35.9
Apartment in Kicukiro Center,Kicukiro,Kicukiro Center,apartment,1,4,7039,1461,2003,paved,1,1,0,1,129569538.0,Kicukiro,sector_centroid,5.052,0.681,0.439,0.158,0.54,65.6,38.9,39.2,52.8
Apartment in Gahanga,Kicukiro,Gahanga,apartment,5,4,3218,774,2002,paved,0,1,1,21,75272920.0,Gahanga,sector_centroid,11.004,1.745,3.418,1.278,5.766,21.9,0.6,10.0,21.8
Villa in Kibagabaga,Gasabo,Kibagabaga,villa,3,4,6727,2159,2019,dirt,1,1,0,16,193121682.0,Kimironko,sector_centroid,7.615,0.753,0.257,1.041,0.918,51.7,15.7,42.0,47.6
House in Kanombe,Kicukiro,Kanombe,house,6,1,5092,288,1994,dirt,0,1,1,5,77811888.0,Kanombe,sector_centroid,11.366,1.122,0.524,0.45,4.006,40.5,6.3,30.9,39.2
House in Kanombe,Kicukiro,Kanombe,house,4,3,1295,2129,2021,paved,0,0,1,24,78108695.0,Kanombe,sector_centroid,11.366,1.122,0.524,0.45,4.006,40.5,6.3,30.9,39.2
House in Remera,Gasabo,Remera,house,1,5,7461,1913,2001,dirt,0,1,1,17,164453691.0,Remera,sector_centroid,5.253,0.415,0.103,1.031,0.685,62.8,61.1,74.5,43.6
Townhouse in Kibagabaga,Gasabo,Kibagabaga,townhouse,3,4,1447,1678,2015,paved,0,1,1,27,109633156.0,Kimironko,sector_centroid,7.615,0.753,0.257,1.041,0.918,51.7,15.7,42.0,47.6
Townhouse in Nyamirambo,Nyarugenge,Nyamirambo,townhouse,7,1,1565,1810,2014,paved,1,0,0,3,71461363.0,Nyamirambo,sector_centroid,5.271,1.435,1.088,0.992,2.672,39.6,6.1,22.4,38.4
House in Gisozi,Gasabo,Gisozi,house,6,3,5435,540,2023,paved,0,4,1,2,169000000.0,Gisozi,sector_centroid,3.587,0.708,0.343,2.897,1.134,53.6,7.8,28.8,51.5
Apartment in Nyamirambo,Nyarugenge,Nyamirambo,apartment,3,5,5416,284,2001,paved,1,1,0,23,80989552.0,Nyamirambo,sector_centroid,5.271,1.435,1.088,0.992,2.672,39.6,6.1,22.4,38.4
Apartment in Kimihurura,Gasabo,Kimihurura,apartment,3,2,5419,1134,2014,paved,0,0,1,12,329306983.0,Kimihurura,sector_centroid,3.371,0.457,0.382,0.893,0.446,67.4,71.0,62.4,43.5
House in Gisozi,Gasabo,Gisozi,house,2,1,3590,1774,2010,paved,0,3,1,12,85193931.0,Gisozi,sector_centroid,3.587,0.708,0.343,2.897,1.134,53.6,7.8,28.8,51.5
Apartment in Gisozi,Gasabo,Gisozi,apartment,4,2,6368,1706,1995,dirt,0,0,1,13,75221846.0,Gisozi,sector_centroid,3.587,0.708,0.343,2.897,1.134,53.6,7.8,28.8,51.5
House in Nyamirambo,Nyarugenge,Nyamirambo,house,2,4,3394,1627,1996,paved,1,2,0,4,62220809.0,Nyamirambo,sector_centroid,5.271,1.435,1.088,0.992,2.672,39.6,6.1,22.4,38.4
Townhouse in Kacyiru,Gasabo,Kacyiru,townhouse,4,4,5362,2422,2022,paved,1,4,1,20,436913335.0,Kacyiru,sector_centroid,2.73,0.36,0.225,2.358,1.737,61.6,34.1,43.6,51.1
Villa in Gisozi,Gasabo,Gisozi,villa,1,3,4189,1738,1995,paved,1,3,1,9,95030666.0,Gisozi,sector_centroid,3.587,0.708,0.343,2.897,1.134,53.6,7.8,28.8,51.5
Townhouse in Kicukiro Center,Kicukiro,Kicukiro Center,townhouse,2,1,2169,1930,2007,paved,0,2,1,8,93925265.0,Kicukiro,sector_centroid,5.052,0.681,0.439,0.158,0.54,65.6,38.9,39.2,52.8
Villa in Kicukiro Center,Kicukiro,Kicukiro Center,villa,5,5,2401,2025,1996,paved,0,2,0,13,121526229.0,Kicukiro,sector_centroid,5.052,0.681,0.439,0.158,0.54,65.6,38.9,39.2,52.8
Apartment in Kibagabaga,Gasabo,Kibagabaga,apartment,4,3,4327,707,2009,paved,0,3,1,13,158622362.0,Kimironko,sector_centroid,7.615,0.753,0.257,1.041,0.918,51.7,15.7,42.0,47.6
Townhouse in Remera,Gasabo,Remera,townhouse,6,4,5517,1142,2010,paved,0,2,1,19,211298221.0,Remera,sector_centroid,5.253,0.415,0.103,1.031,0.685,62.8,61.1,74.5,43.6
Townhouse in Kanombe,Kicukiro,Kanombe,townhouse,2,5,1020,2040,2003,dirt,0,0,0,26,48296742.0,Kanombe,sector_centroid,11.366,1.122,0.524,0.45,4.006,40.5,6.3,30.9,39.2
Apartment in Nyamirambo,Nyarugenge,Nyamirambo,apartment,4,2,5988,1390,2005,paved,0,3,1,20,83597395.0,Nyamirambo,sector_centroid,5.271,1.435,1.088,0.992,2.672,39.6,6.1,22.4,38.4
House in Gisozi,Gasabo,Gisozi,house,5,5,7924,1863,2024,dirt,1,4,0,30,127912865.0,Gisozi,sector_centroid,3.587,0.708,0.343,2.897,1.134,53.6,7.8,28.8,51.5
Apartment in Gitega,Nyarugenge,Gitega,apartment,2,3,2162,331,2015,dirt,0,0,1,8,54843662.0,Gitega,sector_centroid,0.544,0.515,0.454,1.751,0.424,100.0,12.9,39.9,93.5
Apartment in Kanombe,Kicukiro,Kanombe,apartment,5,5,6433,1055,2018,paved,0,4,0,5,144711841.0,Kanombe,sector_centroid,11.366,1.122,0.524,0.45,4.006,40.5,6.3,30.9,39.2
House in Nyarutarama,Gasabo,Nyarutarama,house,4,1,3220,1853,1995,dirt,0,2,1,15,370186529.0,Remera,sector_centroid,5.253,0.415,0.103,1.031,0.685,62.8,61.1,74.5,43.6
Townhouse in Kanombe,Kicukiro,Kanombe,townhouse,4,3,4700,549,2018,paved,1,0,1,11,137897049.0,Kanombe,sector_centroid,11.366,1.122,0.524,0.45,4.006,40.5,6.3,30.9,39.2
Villa in Nyamirambo,Nyarugenge,Nyamirambo,villa,7,2,6866,1149,2023,paved,1,3,0,8,156000000.0,Nyamirambo,sector_centroid,5.271,1.435,1.088,0.992,2.672,39.6,6.1,22.4,38.4
House in Nyamirambo,Nyarugenge,Nyamirambo,house,2,2,6046,1920,2015,dirt,0,3,0,13,69214516.0,Nyamirambo,sector_centroid,5.271,1.435,1.088,0.992,2.672,39.6,6.1,22.4,38.4
Villa in Gacuriro,Gasabo,Gacuriro,villa,2,3,6963,406,1996,paved,1,0,1,28,218050153.0,Kinyinya,sector_centroid,6.361,1.474,0.742,1.386,3.269,36.8,4.7,25.4,35.9
Apartment in Nyamirambo,Nyarugenge,Nyamirambo,apartment,3,5,3983,1757,1997,paved,0,1,0,23,60545275.0,Nyamirambo,sector_centroid,5.271,1.435,1.088,0.992,2.672,39.6,6.1,22.4,38.4
House in Gahanga,Kicukiro,Gahanga,house,5,1,6305,698,2010,paved,1,2,0,17,103555935.0,Gahanga,sector_centroid,11.004,1.745,3.418,1.278,5.766,21.9,0.6,10.0,21.8
Townhouse in Gahanga,Kicukiro,Gahanga,townhouse,2,5,3943,1882,2001,paved,0,1,0,16,61712850.0,Gahanga,sector_centroid,11.004,1.745,3.418,1.278,5.766,21.9,0.6,10.0,21.8
House in Kacyiru,Gasabo,Kacyiru,house,3,4,5874,369,2012,paved,1,3,0,17,362972090.0,Kacyiru,sector_centroid,2.73,0.36,0.225,2.358,1.737,61.6,34.1,43.6,51.1
Villa in Gisozi,Gasabo,Gisozi,villa,6,4,4204,1968,2021,paved,1,1,1,9,159968816.0,Gisozi,sector_centroid,3.587,0.708,0.343,2.897,1.134,53.6,7.8,28.8,51.5
House in Remera,Gasabo,Remera,house,2,4,5433,2178,2025,paved,1,4,0,12,261277398.0,Remera,sector_centroid,5.253,0.415,0.103,1.031,0.685,62.8,61.1,74.5,43.6
House in Gitega,Nyarugenge,Gitega,house,1,4,5275,1045,2017,dirt,0,1,1,2,88316487.0,Gitega,sector_centroid,0.544,0.515,0.454,1.751,0.424,100.0,12.9,39.9,93.5
Villa in Kibagabaga,Gasabo,Kibagabaga,villa,7,1,4396,630,2005,dirt,0,2,0,20,143486540.0,Kimironko,sector_centroid,7.615,0.753,0.257,1.041,0.918,51.7,15.7,42.0,47.6
House in Kacyiru,Gasabo,Kacyiru,house,5,2,7229,996,2003,paved,0,4,1,11,419146430.0,Kacyiru,sector_centroid,2.73,0.36,0.225,2.358,1.737,61.6,34.1,43.6,51.1
Villa in Remera,Gasabo,Remera,villa,3,5,2990,2257,1996,dirt,0,0,0,28,122821242.0,Remera,sector_centroid,5.253,0.415,0.103,1.031,0.685,62.8,61.1,74.5,43.6
Villa in Nyarugenge Town,Nyarugenge,Nyarugenge Town,villa,7,2,2845,749,2010,dirt,0,3,1,21,137078038.0,Nyarugenge,sector_centroid,1.093,0.336,0.36,1.779,0.304,89.2,100.0,96.2,44.6
Apartment in Gisozi,Gasabo,Gisozi,apartment,4,4,1418,531,2015,paved,0,3,0,11,69681115.0,Gisozi,sector_centroid,3.587,0.708,0.343,2.897,1.134,53.6,7.8,28.8,51.5
House in Gitega,Nyarugenge,Gitega,house,7,1,6787,2027,2012,dirt,1,3,0,16,100809240.0,Gitega,sector_centroid,0.544,0.515,0.454,1.751,0.424,100.0,12.9,39.9,93.5
Apartment in Remera,Gasabo,Remera,apartment,3,5,5534,684,2021,dirt,0,0,1,26,188359594.0,Remera,sector_centroid,5.253,0.415,0.103,1.031,0.685,62.8,61.1,74.5,43.6
Townhouse in Nyarutarama,Gasabo,Nyarutarama,townhouse,1,2,4415,2019,1990,paved,0,1,0,10,308678292.0,Remera,sector_centroid,5.253,0.415,0.103,1.031,0.685,62.8,61.1,74.5,43.6
Villa in Remera,Gasabo,Remera,villa,1,3,2851,487,2013,paved,0,1,1,3,203561337.0,Remera,sector_centroid,5.253,0.415,0.103,1.031,0.685,62.8,61.1,74.5,43.6
Townhouse in Nyarutarama,Gasabo,Nyarutarama,townhouse,2,4,1438,693,2004,paved,0,0,0,14,329501962.0,Remera,sector_centroid,5.253,0.415,0.103,1.031,0.685,62.8,61.1,74.5,43.6
House in Kicukiro Center,Kicukiro,Kicukiro Center,house,1,2,3938,515,1996,paved,0,1,1,27,89092060.0,Kicukiro,sector_centroid,5.052,0.681,0.439,0.158,0.54,65.6,38.9,39.2,52.8
Villa in Kacyiru,Gasabo,Kacyiru,villa,6,2,1360,2322,1990,paved,0,1,0,20,182430633.0,Kacyiru,sector_centroid,2.73,0.36,0.225,2.358,1.737,61.6,34.1,43.6,51.1
Apartment in Gacuriro,Gasabo,Gacuriro,apartment,1,1,1946,654,2014,dirt,1,1,1,21,93208308.0,Kinyinya,sector_centroid,6.361,1.474,0.742,1.386,3.269,36.8,4.7,25.4,35.9
Apartment in Kanombe,Kicukiro,Kanombe,apartment,5,5,6707,1317,1991,paved,0,1,0,10,101615263.0,Kanombe,sector_centroid,11.366,1.122,0.524,0.45,4.006,40.5,6.3,30.9,39.2
Villa in Gitega,Nyarugenge,Gitega,villa,7,2,4854,1730,1997,paved,0,4,0,1,122871873.0,Gitega,sector_centroid,0.544,0.515,0.454,1.751,0.424,100.0,12.9,39.9,93.5
Apartment in Kibagabaga,Gasabo,Kibagabaga,apartment,2,4,7851,2478,2016,paved,1,3,0,25,163069003.0,Kimironko,sector_centroid,7.615,0.753,0.257,1.041,0.918,51.7,15.7,42.0,47.6
House in Gahanga,Kicukiro,Gahanga,house,1,1,2947,1033,1992,dirt,1,2,0,17,45700366.0,Gahanga,sector_centroid,11.004,1.745,3.418,1.278,5.766,21.9,0.6,10.0,21.8
Villa in Gisozi,Gasabo,Gisozi,villa,6,4,1475,2347,2024,paved,1,4,0,26,102495064.0,Gisozi,sector_centroid,3.587,0.708,0.343,2.897,1.134,53.6,7.8,28.8,51.5
Townhouse in Kibagabaga,Gasabo,Kibagabaga,townhouse,4,5,5996,420,2009,dirt,0,0,1,30,131046160.0,Kimironko,sector_centroid,7.615,0.753,0.257,1.041,0.918,51.7,15.7,42.0,47.6
House in Kicukiro Center,Kicukiro,Kicukiro Center,house,5,5,1250,1416,2001,paved,1,0,1,12,103016799.0,Kicukiro,sector_centroid,5.052,0.681,0.439,0.158,0.54,65.6,38.9,39.2,52.8
Apartment in Gitega,Nyarugenge,Gitega,apartment,7,3,2167,1673,1998,dirt,1,0,1,14,54114129.0,Gitega,sector_centroid,0.544,0.515,0.454,1.751,0.424,100.0,12.9,39.9,93.5
Townhouse in Kimihurura,Gasabo,Kimihurura,townhouse,3,5,5940,465,2021,paved,1,4,1,6,560806166.0,Kimihurura,sector_centroid,3.371,0.457,0.382,0.893,0.446,67.4,71.0,62.4,43.5
House in Kimihurura,Gasabo,Kimihurura,house,5,1,2671,2234,1990,dirt,1,0,1,13,240629774.0,Kimihurura,sector_centroid,3.371,0.457,0.382,0.893,0.446,67.4,71.0,62.4,43.5
Apartment in Kacyiru,Gasabo,Kacyiru,apartment,7,1,5329,1867,2004,paved,0,2,1,3,315576577.0,Kacyiru,sector_centroid,2.73,0.36,0.225,2.358,1.737,61.6,34.1,43.6,51.1
House in Kimihurura,Gasabo,Kimihurura,house,5,1,2269,1064,2023,dirt,1,3,0,25,309497075.0,Kimihurura,sector_centroid,3.371,0.457,0.382,0.893,0.446,67.4,71.0,62.4,43.5
Villa in Kibagabaga,Gasabo,Kibagabaga,villa,1,5,4541,182,2013,paved,0,4,1,12,198347892.0,Kimironko,sector_centroid,7.615,0.753,0.257,1.041,0.918,51.7,15.7,42.0,47.6
Villa in Kicukiro Center,Kicukiro,Kicukiro Center,villa,7,2,6800,2388,2005,paved,0,1,1,21,213478256.0,Kicukiro,sector_centroid,5.052,0.681,0.439,0.158,0.54,65.6,38.9,39.2,52.8
House in Nyarutarama,Gasabo,Nyarutarama,house,3,1,7017,1691,2009,paved,0,3,1,2,820608128.0,Remera,sector_centroid,5.253,0.415,0.103,1.031,0.685,62.8,61.1,74.5,43.6
Townhouse in Kacyiru,Gasabo,Kacyiru,townhouse,6,3,1562,329,2004,dirt,1,0,0,17,153589782.0,Kacyiru,sector_centroid,2.73,0.36,0.225,2.358,1.737,61.6,34.1,43.6,51.1
Villa in Gisozi,Gasabo,Gisozi,villa,1,5,5451,405,2017,paved,1,2,0,13,144838786.0,Gisozi,sector_centroid,3.587,0.708,0.343,2.897,1.134,53.6,7.8,28.8,51.5
House in Nyarugenge Town,Nyarugenge,Nyarugenge Town,house,3,3,4508,1263,2004,dirt,1,4,1,4,134002506.0,Nyarugenge,sector_centroid,1.093,0.336,0.36,1.779,0.304,89.2,100.0,96.2,44.6
Villa in Kicukiro Center,Kicukiro,Kicukiro Center,villa,3,4,1789,2345,2012,paved,0,0,1,26,117706912.0,Kicukiro,sector_centroid,5.052,0.681,0.439,0.158,0.54,65.6,38.9,39.2,52.8
Villa in Nyarugenge Town,Nyarugenge,Nyarugenge Town,villa,6,5,1130,1030,2010,paved,1,2,1,2,184159770.0,Nyarugenge,sector_centroid,1.093,0.336,0.36,1.779,0.304,89.2,100.0,96.2,44.6
Villa in Remera,Gasabo,Remera,villa,7,2,1054,1806,2018,paved,1,1,1,2,244090186.0,Remera,sector_centroid,5.253,0.415,0.103,1.031,0.685,62.8,61.1,74.5,43.6
House in Gacuriro,Gasabo,Gacuriro,house,2,2,7547,1790,2013,paved,1,0,1,3,251296436.0,Kinyinya,sector_centroid,6.361,1.474,0.742,1.386,3.269,36.8,4.7,25.4,35.9
House in Nyamirambo,Nyarugenge,Nyamirambo,house,4,2,1553,1508,1997,dirt,1,4,1,24,47605494.0,Nyamirambo,sector_centroid,5.271,1.435,1.088,0.992,2.672,39.6,6.1,22.4,38.4
Villa in Nyarutarama,Gasabo,Nyarutarama,villa,4,4,2215,1599,2003,paved,0,1,1,20,525064365.0,Remera,sector_centroid,5.253,0.415,0.103,1.031,0.685,62.8,61.1,74.5,43.6
House in Nyamirambo,Nyarugenge,Nyamirambo,house,3,4,4175,2405,2020,paved,1,3,1,29,107287333.0,Nyamirambo,sector_centroid,5.271,1.435,1.088,0.992,2.672,39.6,6.1,22.4,38.4
Apartment in Gacuriro,Gasabo,Gacuriro,apartment,6,5,7311,229,2014,paved,0,2,0,17,237639853.0,Kinyinya,sector_centroid,6.361,1.474,0.742,1.386,3.269,36.8,4.7,25.4,35.9
Apartment in Remera,Gasabo,Remera,apartment,2,1,3412,1047,1991,paved,0,4,1,19,120596520.0,Remera,sector_centroid,5.253,0.415,0.103,1.031,0.685,62.8,61.1,74.5,43.6
House in Kacyiru,Gasabo,Kacyiru,house,1,2,6181,1137,2007,dirt,0,4,0,26,208774292.0,Kacyiru,sector_centroid,2.73,0.36,0.225,2.358,1.737,61.6,34.1,43.6,51.1
House in Kacyiru,Gasabo,Kacyiru,house,2,2,5653,1452,2012,dirt,1,4,0,19,292099657.0,Kacyiru,sector_centroid,2.73,0.36,0.225,2.358,1.737,61.6,34.1,43.6,51.1
House in Gitega,Nyarugenge,Gitega,house,4,5,3331,869,2021,paved,1,1,1,16,95321796.0,Gitega,sector_centroid,0.544,0.515,0.454,1.751,0.424,100.0,12.9,39.9,93.5
House in Gahanga,Kicukiro,Gahanga,house,2,2,3591,876,2010,paved,0,1,0,28,62838839.0,Gahanga,sector_centroid,11.004,1.745,3.418,1.278,5.766,21.9,0.6,10.0,21.8
Apartment in Kibagabaga,Gasabo,Kibagabaga,apartment,1,3,6571,1770,1996,paved,1,1,0,14,130091039.0,Kimironko,sector_centroid,7.615,0.753,0.257,1.041,0.918,51.7,15.7,42.0,47.6
Villa in Kicukiro Center,Kicukiro,Kicukiro Center,villa,6,3,2227,2451,2012,paved,0,3,1,23,134239052.0,Kicukiro,sector_centroid,5.052,0.681,0.439,0.158,0.54,65.6,38.9,39.2,52.8
House in Kacyiru,Gasabo,Kacyiru,house,6,1,6550,2496,2015,paved,1,4,1,19,394497016.0,Kacyiru,sector_centroid,2.73,0.36,0.225,2.358,1.737,61.6,34.1,43.6,51.1
Apartment in Kicukiro Center,Kicukiro,Kicukiro Center,apartment,2,3,6905,468,2005,dirt,1,0,0,22,107271901.0,Kicukiro,sector_centroid,5.052,0.681,0.439,0.158,0.54,65.6,38.9,39.2,52.8
House in Kibagabaga,Gasabo,Kibagabaga,house,4,1,2972,1008,2005,paved,0,0,1,15,120526167.0,Kimironko,sector_centroid,7.615,0.753,0.257,1.041,0.918,51.7,15.7,42.0,47.6
Townhouse in Kacyiru,Gasabo,Kacyiru,townhouse,4,4,3902,1588,2024,paved,0,4,0,22,277391820.0,Kacyiru,sector_centroid,2.73,0.36,0.225,2.358,1.737,61.6,34.1,43.6,51.1
Apartment in Kicukiro Center,Kicukiro,Kicukiro Center,apartment,1,1,3215,232,2010,dirt,1,1,0,6,84127022.0,Kicukiro,sector_centroid,5.052,0.681,0.439,0.158,0.54,65.6,38.9,39.2,52.8
Townhouse in Kanombe,Kicukiro,Kanombe,townhouse,1,3,5666,2127,1991,dirt,1,3,1,4,79840468.0,Kanombe,sector_centroid,11.366,1.122,0.524,0.45,4.006,40.5,6.3,30.9,39.2
Apartment in Gacuriro,Gasabo,Gacuriro,apartment,4,5,6714,2362,2006,paved,1,3,0,27,207518416.0,Kinyinya,sector_centroid,6.361,1.474,0.742,1.386,3.269,36.8,4.7,25.4,35.9
Townhouse in Nyarutarama,Gasabo,Nyarutarama,townhouse,3,1,4302,508,2008,paved,1,1,0,3,520167999.0,Remera,sector_centroid,5.253,0.415,0.103,1.031,0.685,62.8,61.1,74.5,43.6
House in Kimihurura,Gasabo,Kimihurura,house,3,4,4657,2153,2006,paved,1,2,0,12,354985622.0,Kimihurura,sector_centroid,3.371,0.457,0.382,0.893,0.446,67.4,71.0,62.4,43.5
Apartment in Nyarutarama,Gasabo,Nyarutarama,apartment,3,4,4609,1228,2004,paved,1,0,1,12,585460760.0,Remera,sector_centroid,5.253,0.415,0.103,1.031,0.685,62.8,61.1,74.5,43.6
Townhouse in Gisozi,Gasabo,Gisozi,townhouse,7,5,2663,2417,1993,dirt,0,4,0,30,55300846.0,Gisozi,sector_centroid,3.587,0.708,0.343,2.897,1.134,53.6,7.8,28.8,51.5
Villa in Gacuriro,Gasabo,Gacuriro,villa,4,3,1446,1767,1992,paved,0,1,0,6,139407264.0,Kinyinya,sector_centroid,6.361,1.474,0.742,1.386,3.269,36.8,4.7,25.4,35.9
Townhouse in Gitega,Nyarugenge,Gitega,townhouse,2,2,1149,1884,1995,paved,0,1,0,9,39030790.0,Gitega,sector_centroid,0.544,0.515,0.454,1.751,0.424,100.0,12.9,39.9,93.5
Townhouse in Nyarugenge Town,Nyarugenge,Nyarugenge Town,townhouse,7,1,1512,1739,2025,paved,0,4,1,28,112898368.0,Nyarugenge,sector_centroid,1.093,0.336,0.36,1.779,0.304,89.2,100.0,96.2,44.6
Townhouse in Nyarugenge Town,Nyarugenge,Nyarugenge Town,townhouse,5,5,5080,1868,1997,paved,0,4,0,4,164017622.0,Nyarugenge,sector_centroid,1.093,0.336,0.36,1.779,0.304,89.2,100.0,96.2,44.6
Apartment in Gahanga,Kicukiro,Gahanga,apartment,7,1,7236,1321,2024,dirt,1,3,0,16,101141872.0,Gahanga,sector_centroid,11.004,1.745,3.418,1.278,5.766,21.9,0.6,10.0,21.8
Townhouse in Remera,Gasabo,Remera,townhouse,4,2,5864,1795,1992,dirt,1,1,1,16,162820577.0,Remera,sector_centroid,5.253,0.415,0.103,1.031,0.685,62.8,61.1,74.5,43.6
Apartment in Kibagabaga,Gasabo,Kibagabaga,apartment,1,3,7496,1391,2009,dirt,0,0,0,8,111715195.0,Kimironko,sector_centroid,7.615,0.753,0.257,1.041,0.918,51.7,15.7,42.0,47.6
Villa in Nyarugenge Town,Nyarugenge,Nyarugenge Town,villa,4,3,3007,1857,1995,paved,0,3,0,25,115533381.0,Nyarugenge,sector_centroid,1.093,0.336,0.36,1.779,0.304,89.2,100.0,96.2,44.6
Apartment in Kibagabaga,Gasabo,Kibagabaga,apartment,7,1,5021,801,1994,dirt,0,4,0,1,101839866.0,Kimironko,sector_centroid,7.615,0.753,0.257,1.041,0.918,51.7,15.7,42.0,47.6
House in Gacuriro,Gasabo,Gacuriro,house,7,1,2843,285,2019,dirt,0,2,1,15,168432448.0,Kinyinya,sector_centroid,6.361,1.474,0.742,1.386,3.269,36.8,4.7,25.4,35.9
Townhouse in Nyamirambo,Nyarugenge,Nyamirambo,townhouse,1,1,2781,1675,2021,paved,0,4,0,12,59558546.0,Nyamirambo,sector_centroid,5.271,1.435,1.088,0.992,2.672,39.6,6.1,22.4,38.4
House in Remera,Gasabo,Remera,house,6,1,3135,262,2014,paved,0,1,0,21,148936233.0,Remera,sector_centroid,5.253,0.415,0.103,1.031,0.685,62.8,61.1,74.5,43.6
Townhouse in Gacuriro,Gasabo,Gacuriro,townhouse,3,4,5004,232,1990,dirt,0,4,0,8,117251969.0,Kinyinya,sector_centroid,6.361,1.474,0.742,1.386,3.269,36.8,4.7,25.4,35.9
Townhouse in Gitega,Nyarugenge,Gitega,townhouse,3,3,4271,1692,2012,paved,0,4,0,13,83813063.0,Gitega,sector_centroid,0.544,0.515,0.454,1.751,0.424,100.0,12.9,39.9,93.5
House in Nyarutarama,Gasabo,Nyarutarama,house,5,3,5399,1307,2009,paved,1,2,0,28,589558722.0,Remera,sector_centroid,5.253,0.415,0.103,1.031,0.685,62.8,61.1,74.5,43.6
Villa in Nyamirambo,Nyarugenge,Nyamirambo,villa,6,3,2343,764,2023,dirt,0,4,1,11,103203671.0,Nyamirambo,sector_centroid,5.271,1.435,1.088,0.992,2.672,39.6,6.1,22.4,38.4
Townhouse in Nyarugenge Town,Nyarugenge,Nyarugenge Town,townhouse,1,4,3221,1212,2016,paved,1,4,0,11,143297028.0,Nyarugenge,sector_centroid,1.093,0.336,0.36,1.779,0.304,89.2,100.0,96.2,44.6
Apartment in Gacuriro,Gasabo,Gacuriro,apartment,6,5,6029,2098,2012,dirt,0,4,1,4,228900816.0,Kinyinya,sector_centroid,6.361,1.474,0.742,1.386,3.269,36.8,4.7,25.4,35.9
House in Nyarugenge Town,Nyarugenge,Nyarugenge Town,house,3,5,7049,899,2011,paved,1,2,1,29,194668798.0,Nyarugenge,sector_centroid,1.093,0.336,0.36,1.779,0.304,89.2,100.0,96.2,44.6
House in Remera,Gasabo,Remera,house,5,3,4599,632,2020,dirt,0,4,1,29,176545366.0,Remera,sector_centroid,5.253,0.415,0.103,1.031,0.685,62.8,61.1,74.5,43.6
House in Kimihurura,Gasabo,Kimihurura,house,7,4,5140,1372,2016,dirt,1,1,1,19,511135718.0,Kimihurura,sector_centroid,3.371,0.457,0.382,0.893,0.446,67.4,71.0,62.4,43.5
Townhouse in Kicukiro Center,Kicukiro,Kicukiro Center,townhouse,2,3,7864,888,1995,paved,0,2,0,1,128145835.0,Kicukiro,sector_centroid,5.052,0.681,0.439,0.158,0.54,65.6,38.9,39.2,52.8
House in Gacuriro,Gasabo,Gacuriro,house,7,2,5520,798,2021,paved,0,3,1,16,268147510.0,Kinyinya,sector_centroid,6.361,1.474,0.742,1.386,3.269,36.8,4.7,25.4,35.9
Apartment in Nyarutarama,Gasabo,Nyarutarama,apartment,5,2,6785,1678,1990,dirt,0,0,0,21,382380270.0,Remera,sector_centroid,5.253,0.415,0.103,1.031,0.685,62.8,61.1,74.5,43.6
Townhouse in Gacuriro,Gasabo,Gacuriro,townhouse,6,3,3356,678,1996,paved,1,0,0,10,167351398.0,Kinyinya,sector_centroid,6.361,1.474,0.742,1.386,3.269,36.8,4.7,25.4,35.9
Townhouse in Kicukiro Center,Kicukiro,Kicukiro Center,townhouse,6,5,5685,2296,2011,dirt,0,2,0,16,127866536.0,Kicukiro,sector_centroid,5.052,0.681,0.439,0.158,0.54,65.6,38.9,39.2,52.8
Villa in Gacuriro,Gasabo,Gacuriro,villa,2,4,956,1085,2004,paved,1,4,1,12,170641835.0,Kinyinya,sector_centroid,6.361,1.474,0.742,1.386,3.269,36.8,4.7,25.4,35.9
House in Gitega,Nyarugenge,Gitega,house,1,4,7980,1197,2024,paved,1,0,0,1,123746575.0,Gitega,sector_centroid,0.544,0.515,0.454,1.751,0.424,100.0,12.9,39.9,93.5
Apartment in Kimihurura,Gasabo,Kimihurura,apartment,4,4,3915,656,2025,paved,1,0,1,22,374880250.0,Kimihurura,sector_centroid,3.371,0.457,0.382,0.893,0.446,67.4,71.0,62.4,43.5
House in Kanombe,Kicukiro,Kanombe,house,3,5,5761,711,2016,paved,0,2,1,4,151230878.0,Kanombe,sector_centroid,11.366,1.122,0.524,0.45,4.006,40.5,6.3,30.9,39.2
Apartment in Gahanga,Kicukiro,Gahanga,apartment,2,3,7611,2292,2002,dirt,1,0,1,30,68645169.0,Gahanga,sector_centroid,11.004,1.745,3.418,1.278,5.766,21.9,0.6,10.0,21.8
House in Kicukiro Center,Kicukiro,Kicukiro Center,house,3,2,822,202,1995,dirt,0,1,0,25,48900491.0,Kicukiro,sector_centroid,5.052,0.681,0.439,0.158,0.54,65.6,38.9,39.2,52.8
Apartment in Nyarugenge Town,Nyarugenge,Nyarugenge Town,apartment,6,1,2896,1096,2019,paved,1,1,0,28,116153635.0,Nyarugenge,sector_centroid,1.093,0.336,0.36,1.779,0.304,89.2,100.0,96.2,44.6
House in Gitega,Nyarugenge,Gitega,house,6,3,4289,624,1996,paved,1,1,1,29,80179176.0,Gitega,sector_centroid,0.544,0.515,0.454,1.751,0.424,100.0,12.9,39.9,93.5
House in Gahanga,Kicukiro,Gahanga,house,3,1,3852,1553,2001,paved,0,2,0,23,66002823.0,Gahanga,sector_centroid,11.004,1.745,3.418,1.278,5.766,21.9,0.6,10.0,21.8
Villa in Gitega,Nyarugenge,Gitega,villa,4,2,1726,692,1993,paved,0,3,0,22,55560136.0,Gitega,sector_centroid,0.544,0.515,0.454,1.751,0.424,100.0,12.9,39.9,93.5
Townhouse in Gahanga,Kicukiro,Gahanga,townhouse,4,3,5808,268,1998,dirt,1,3,1,3,82931079.0,Gahanga,sector_centroid,11.004,1.745,3.418,1.278,5.766,21.9,0.6,10.0,21.8
Apartment in Kibagabaga,Gasabo,Kibagabaga,apartment,1,5,7087,2464,2004,paved,0,4,1,22,159586362.0,Kimironko,sector_centroid,7.615,0.753,0.257,1.041,0.918,51.7,15.7,42.0,47.6
House in Kicukiro Center,Kicukiro,Kicukiro Center,house,3,4,2017,2436,1993,paved,1,3,0,28,71721356.0,Kicukiro,sector_centroid,5.052,0.681,0.439,0.158,0.54,65.6,38.9,39.2,52.8
House in Gitega,Nyarugenge,Gitega,house,4,3,2773,1505,2007,paved,0,3,1,8,72530681.0,Gitega,sector_centroid,0.544,0.515,0.454,1.751,0.424,100.0,12.9,39.9,93.5
Townhouse in Kicukiro Center,Kicukiro,Kicukiro Center,townhouse,7,5,4470,510,2021,paved,0,0,1,14,154698065.0,Kicukiro,sector_centroid,5.052,0.681,0.439,0.158,0.54,65.6,38.9,39.2,52.8
Villa in Kanombe,Kicukiro,Kanombe,villa,1,1,7286,1397,2022,paved,0,2,1,2,191965277.0,Kanombe,sector_centroid,11.366,1.122,0.524,0.45,4.006,40.5,6.3,30.9,39.2
Townhouse in Kicukiro Center,Kicukiro,Kicukiro Center,townhouse,3,5,7086,2087,2013,paved,0,1,1,12,188483727.0,Kicukiro,sector_centroid,5.052,0.681,0.439,0.158,0.54,65.6,38.9,39.2,52.8
House in Gitega,Nyarugenge,Gitega,house,3,5,5076,1681,1996,dirt,0,3,1,20,65128470.0,Gitega,sector_centroid,0.544,0.515,0.454,1.751,0.424,100.0,12.9,39.9,93.5
Apartment in Kimihurura,Gasabo,Kimihurura,apartment,7,4,2566,2022,2002,paved,0,4,1,29,283889871.0,Kimihurura,sector_centroid,3.371,0.457,0.382,0.893,0.446,67.4,71.0,62.4,43.5
House in Nyamirambo,Nyarugenge,Nyamirambo,house,5,5,1902,2193,1990,paved,0,4,1,17,62688131.0,Nyamirambo,sector_centroid,5.271,1.435,1.088,0.992,2.672,39.6,6.1,22.4,38.4
Townhouse in Kacyiru,Gasabo,Kacyiru,townhouse,6,5,2222,675,1996,paved,0,2,1,13,214035952.0,Kacyiru,sector_centroid,2.73,0.36,0.225,2.358,1.737,61.6,34.1,43.6,51.1
Apartment in Gahanga,Kicukiro,Gahanga,apartment,6,2,3041,1779,2011,paved,1,3,0,29,76330418.0,Gahanga,sector_centroid,11.004,1.745,3.418,1.278,5.766,21.9,0.6,10.0,21.8
Villa in Remera,Gasabo,Remera,villa,7,5,7850,1435,2025,paved,0,2,0,30,325000000.0,Remera,sector_centroid,5.253,0.415,0.103,1.031,0.685,62.8,61.1,74.5,43.6
House in Nyarugenge Town,Nyarugenge,Nyarugenge Town,house,6,2,4927,2372,2010,dirt,0,4,0,22,139031522.0,Nyarugenge,sector_centroid,1.093,0.336,0.36,1.779,0.304,89.2,100.0,96.2,44.6
House in Nyamirambo,Nyarugenge,Nyamirambo,house,6,5,3142,1880,1990,paved,1,0,1,25,72962527.0,Nyamirambo,sector_centroid,5.271,1.435,1.088,0.992,2.672,39.6,6.1,22.4,38.4
Villa in Remera,Gasabo,Remera,villa,6,3,1999,404,2008,dirt,1,3,1,28,176602382.0,Remera,sector_centroid,5.253,0.415,0.103,1.031,0.685,62.8,61.1,74.5,43.6
Villa in Kanombe,Kicukiro,Kanombe,villa,7,2,6881,2448,2014,paved,0,2,0,2,195000000.0,Kanombe,sector_centroid,11.366,1.122,0.524,0.45,4.006,40.5,6.3,30.9,39.2
Apartment in Gisozi,Gasabo,Gisozi,apartment,4,3,5323,370,1990,paved,0,3,0,30,65400012.0,Gisozi,sector_centroid,3.587,0.708,0.343,2.897,1.134,53.6,7.8,28.8,51.5
Villa in Nyarugenge Town,Nyarugenge,Nyarugenge Town,villa,6,3,6985,2388,2002,paved,1,0,1,6,260000000.0,Nyarugenge,sector_centroid,1.093,0.336,0.36,1.779,0.304,89.2,100.0,96.2,44.6
Apartment in Kimihurura,Gasabo,Kimihurura,apartment,4,1,4310,1293,2025,paved,0,2,1,15,406969044.0,Kimihurura,sector_centroid,3.371,0.457,0.382,0.893,0.446,67.4,71.0,62.4,43.5
Townhouse in Kacyiru,Gasabo,Kacyiru,townhouse,1,2,3442,358,2009,dirt,0,0,0,11,166372207.0,Kacyiru,sector_centroid,2.73,0.36,0.225,2.358,1.737,61.6,34.1,43.6,51.1
Townhouse in Kacyiru,Gasabo,Kacyiru,townhouse,5,1,7241,2219,2000,paved,0,2,1,7,340320737.0,Kacyiru,sector_centroid,2.73,0.36,0.225,2.358,1.737,61.6,34.1,43.6,51.1
House in Kibagabaga,Gasabo,Kibagabaga,house,3,3,2589,2322,2020,paved,1,1,0,20,145326558.0,Kimironko,sector_centroid,7.615,0.753,0.257,1.041,0.918,51.7,15.7,42.0,47.6
Apartment in Gacuriro,Gasabo,Gacuriro,apartment,1,3,3924,614,2014,paved,1,4,0,12,166136224.0,Kinyinya,sector_centroid,6.361,1.474,0.742,1.386,3.269,36.8,4.7,25.4,35.9
Apartment in Kanombe,Kicukiro,Kanombe,apartment,4,4,1159,1364,2002,paved,0,1,0,25,55517319.0,Kanombe,sector_centroid,11.366,1.122,0.524,0.45,4.006,40.5,6.3,30.9,39.2
House in Nyarutarama,Gasabo,Nyarutarama,house,6,1,2526,1023,2017,paved,0,3,0,3,574972327.0,Remera,sector_centroid,5.253,0.415,0.103,1.031,0.685,62.8,61.1,74.5,43.6
House in Kacyiru,Gasabo,Kacyiru,house,1,4,6672,1508,1992,paved,1,2,0,19,270218960.0,Kacyiru,sector_centroid,2.73,0.36,0.225,2.358,1.737,61.6,34.1,43.6,51.1
Apartment in Remera,Gasabo,Remera,apartment,4,4,4495,1806,2017,paved,0,4,1,24,203516755.0,Remera,sector_centroid,5.253,0.415,0.103,1.031,0.685,62.8,61.1,74.5,43.6
House in Gitega,Nyarugenge,Gitega,house,6,5,1172,447,2012,paved,0,4,1,25,81433722.0,Gitega,sector_centroid,0.544,0.515,0.454,1.751,0.424,100.0,12.9,39.9,93.5
Villa in Gisozi,Gasabo,Gisozi,villa,4,1,4682,790,2024,paved,1,4,1,21,139221381.0,Gisozi,sector_centroid,3.587,0.708,0.343,2.897,1.134,53.6,7.8,28.8,51.5
Villa in Nyamirambo,Nyarugenge,Nyamirambo,villa,7,3,891,2417,2025,paved,1,4,1,18,118798473.0,Nyamirambo,sector_centroid,5.271,1.435,1.088,0.992,2.672,39.6,6.1,22.4,38.4
Villa in Remera,Gasabo,Remera,villa,2,3,2534,1840,2022,paved,1,2,1,6,248944467.0,Remera,sector_centroid,5.253,0.415,0.103,1.031,0.685,62.8,61.1,74.5,43.6
House in Gahanga,Kicukiro,Gahanga,house,7,1,7774,2398,2019,paved,1,0,1,19,148799342.0,Gahanga,sector_centroid,11.004,1.745,3.418,1.278,5.766,21.9,0.6,10.0,21.8
Apartment in Kibagabaga,Gasabo,Kibagabaga,apartment,3,2,6299,1110,1996,paved,0,2,1,11,134832647.0,Kimironko,sector_centroid,7.615,0.753,0.257,1.041,0.918,51.7,15.7,42.0,47.6
Apartment in Remera,Gasabo,Remera,apartment,6,5,2048,2466,2013,dirt,1,2,1,8,169624606.0,Remera,sector_centroid,5.253,0.415,0.103,1.031,0.685,62.8,61.1,74.5,43.6
Apartment in Nyamirambo,Nyarugenge,Nyamirambo,apartment,4,3,7682,1622,1998,dirt,0,2,0,16,70826341.0,Nyamirambo,sector_centroid,5.271,1.435,1.088,0.992,2.672,39.6,6.1,22.4,38.4
Villa in Kacyiru,Gasabo,Kacyiru,villa,6,5,1471,1299,1998,paved,0,0,0,29,179466547.0,Kacyiru,sector_centroid,2.73,0.36,0.225,2.358,1.737,61.6,34.1,43.6,51.1
House in Kanombe,Kicukiro,Kanombe,house,6,1,7457,1809,2003,paved,0,4,1,25,122308875.0,Kanombe,sector_centroid,11.366,1.122,0.524,0.45,4.006,40.5,6.3,30.9,39.2
Townhouse in Gisozi,Gasabo,Gisozi,townhouse,2,5,6806,1341,1998,paved,1,2,1,22,97879531.0,Gisozi,sector_centroid,3.587,0.708,0.343,2.897,1.134,53.6,7.8,28.8,51.5
Townhouse in Gitega,Nyarugenge,Gitega,townhouse,5,2,7003,2255,1998,paved,0,4,0,5,101111458.0,Gitega,sector_centroid,0.544,0.515,0.454,1.751,0.424,100.0,12.9,39.9,93.5
House in Kicukiro Center,Kicukiro,Kicukiro Center,house,3,1,2592,2147,2004,paved,1,1,1,26,92245208.0,Kicukiro,sector_centroid,5.052,0.681,0.439,0.158,0.54,65.6,38.9,39.2,52.8
Apartment in Kicukiro Center,Kicukiro,Kicukiro Center,apartment,4,1,1126,1477,1996,dirt,1,4,0,13,61369066.0,Kicukiro,sector_centroid,5.052,0.681,0.439,0.158,0.54,65.6,38.9,39.2,52.8
Villa in Kibagabaga,Gasabo,Kibagabaga,villa,5,1,5032,1180,2014,paved,1,2,1,16,243776050.0,Kimironko,sector_centroid,7.615,0.753,0.257,1.041,0.918,51.7,15.7,42.0,47.6
House in Nyarutarama,Gasabo,Nyarutarama,house,5,2,4403,828,2004,paved,1,1,1,12,633804404.0,Remera,sector_centroid,5.253,0.415,0.103,1.031,0.685,62.8,61.1,74.5,43.6
Townhouse in Kimihurura,Gasabo,Kimihurura,townhouse,6,2,4196,1502,1997,paved,0,4,1,27,301668914.0,Kimihurura,sector_centroid,3.371,0.457,0.382,0.893,0.446,67.4,71.0,62.4,43.5
House in Gacuriro,Gasabo,Gacuriro,house,1,2,5498,809,1998,dirt,1,1,1,6,154224550.0,Kinyinya,sector_centroid,6.361,1.474,0.742,1.386,3.269,36.8,4.7,25.4,35.9
House in Gisozi,Gasabo,Gisozi,house,5,5,6023,226,2008,paved,0,3,0,6,116748489.0,Gisozi,sector_centroid,3.587,0.708,0.343,2.897,1.134,53.6,7.8,28.8,51.5
Apartment in Gisozi,Gasabo,Gisozi,apartment,5,2,7309,894,2022,paved,0,3,0,3,127282598.0,Gisozi,sector_centroid,3.587,0.708,0.343,2.897,1.134,53.6,7.8,28.8,51.5
Townhouse in Gisozi,Gasabo,Gisozi,townhouse,2,1,935,978,2023,dirt,0,1,1,20,53347477.0,Gisozi,sector_centroid,3.587,0.708,0.343,2.897,1.134,53.6,7.8,28.8,51.5
Townhouse in Gitega,Nyarugenge,Gitega,townhouse,5,5,6963,631,1995,paved,0,4,0,29,94832996.0,Gitega,sector_centroid,0.544,0.515,0.454,1.751,0.424,100.0,12.9,39.9,93.5
House in Nyamirambo,Nyarugenge,Nyamirambo,house,6,4,5076,1873,2013,paved,0,3,0,13,100850794.0,Nyamirambo,sector_centroid,5.271,1.435,1.088,0.992,2.672,39.6,6.1,22.4,38.4
Apartment in Gitega,Nyarugenge,Gitega,apartment,6,5,1600,1892,1998,paved,1,0,1,29,58678272.0,Gitega,sector_centroid,0.544,0.515,0.454,1.751,0.424,100.0,12.9,39.9,93.5
House in Remera,Gasabo,Remera,house,2,1,6609,179,2023,paved,1,1,0,11,235877012.0,Remera,sector_centroid,5.253,0.415,0.103,1.031,0.685,62.8,61.1,74.5,43.6
Townhouse in Kimihurura,Gasabo,Kimihurura,townhouse,2,4,6137,1188,2006,paved,0,3,0,14,367920872.0,Kimihurura,sector_centroid,3.371,0.457,0.382,0.893,0.446,67.4,71.0,62.4,43.5
Townhouse in Kanombe,Kicukiro,Kanombe,townhouse,4,2,3832,2440,2025,paved,1,2,0,13,126091527.0,Kanombe,sector_centroid,11.366,1.122,0.524,0.45,4.006,40.5,6.3,30.9,39.2
Villa in Nyamirambo,Nyarugenge,Nyamirambo,villa,1,2,4458,812,1996,paved,0,4,0,22,72286553.0,Nyamirambo,sector_centroid,5.271,1.435,1.088,0.992,2.672,39.6,6.1,22.4,38.4
Townhouse in Kacyiru,Gasabo,Kacyiru,townhouse,4,1,7389,523,1999,dirt,0,0,1,12,223332164.0,Kacyiru,sector_centroid,2.73,0.36,0.225,2.358,1.737,61.6,34.1,43.6,51.1
House in Nyarutarama,Gasabo,Nyarutarama,house,6,4,4082,2284,2008,dirt,0,3,1,7,628030788.0,Remera,sector_centroid,5.253,0.415,0.103,1.031,0.685,62.8,61.1,74.5,43.6
Villa in Gitega,Nyarugenge,Gitega,villa,5,3,2395,287,2022,paved,0,2,1,1,131111530.0,Gitega,sector_centroid,0.544,0.515,0.454,1.751,0.424,100.0,12.9,39.9,93.5
Villa in Kimihurura,Gasabo,Kimihurura,villa,3,4,3692,1768,2015,paved,0,0,0,18,373212353.0,Kimihurura,sector_centroid,3.371,0.457,0.382,0.893,0.446,67.4,71.0,62.4,43.5
Villa in Kanombe,Kicukiro,Kanombe,villa,5,3,3646,1282,2004,paved,0,0,1,14,119037256.0,Kanombe,sector_centroid,11.366,1.122,0.524,0.45,4.006,40.5,6.3,30.9,39.2
Apartment in Kanombe,Kicukiro,Kanombe,apartment,1,5,3210,1542,1997,dirt,0,4,1,15,69822957.0,Kanombe,sector_centroid,11.366,1.122,0.524,0.45,4.006,40.5,6.3,30.9,39.2
Townhouse in Gahanga,Kicukiro,Gahanga,townhouse,4,2,7005,1541,2019,dirt,0,3,1,3,108036204.0,Gahanga,sector_centroid,11.004,1.745,3.418,1.278,5.766,21.9,0.6,10.0,21.8
Apartment in Gitega,Nyarugenge,Gitega,apartment,2,2,7354,1443,2016,paved,1,2,1,3,118654463.0,Gitega,sector_centroid,0.544,0.515,0.454,1.751,0.424,100.0,12.9,39.9,93.5
Townhouse in Nyarugenge Town,Nyarugenge,Nyarugenge Town,townhouse,7,3,1422,2421,2001,paved,1,4,1,24,119434971.0,Nyarugenge,sector_centroid,1.093,0.336,0.36,1.779,0.304,89.2,100.0,96.2,44.6
Villa in Gacuriro,Gasabo,Gacuriro,villa,4,2,2723,1141,2006,paved,0,4,1,25,162136509.0,Kinyinya,sector_centroid,6.361,1.474,0.742,1.386,3.269,36.8,4.7,25.4,35.9
House in Kimihurura,Gasabo,Kimihurura,house,6,4,5828,177,2024,dirt,1,2,1,29,544176730.0,Kimihurura,sector_centroid,3.371,0.457,0.382,0.893,0.446,67.4,71.0,62.4,43.5
Townhouse in Remera,Gasabo,Remera,townhouse,4,2,7060,2243,2007,paved,0,0,1,14,212762557.0,Remera,sector_centroid,5.253,0.415,0.103,1.031,0.685,62.8,61.1,74.5,43.6
Townhouse in Kanombe,Kicukiro,Kanombe,townhouse,1,5,3644,1762,2001,dirt,0,3,1,1,69328325.0,Kanombe,sector_centroid,11.366,1.122,0.524,0.45,4.006,40.5,6.3,30.9,39.2
Apartment in Gacuriro,Gasabo,Gacuriro,apartment,4,5,1625,1482,2013,paved,1,2,1,20,148076851.0,Kinyinya,sector_centroid,6.361,1.474,0.742,1.386,3.269,36.8,4.7,25.4,35.9
Apartment in Kacyiru,Gasabo,Kacyiru,apartment,4,4,2524,1866,2013,dirt,1,1,0,19,201536561.0,Kacyiru,sector_centroid,2.73,0.36,0.225,2.358,1.737,61.6,34.1,43.6,51.1
Townhouse in Kimihurura,Gasabo,Kimihurura,townhouse,6,3,7387,1115,2025,dirt,1,1,1,1,565809456.0,Kimihurura,sector_centroid,3.371,0.457,0.382,0.893,0.446,67.4,71.0,62.4,43.5
Apartment in Kicukiro Center,Kicukiro,Kicukiro Center,apartment,2,5,5174,1443,2021,paved,0,0,1,23,124173224.0,Kicukiro,sector_centroid,5.052,0.681,0.439,0.158,0.54,65.6,38.9,39.2,52.8
Apartment in Gacuriro,Gasabo,Gacuriro,apartment,7,3,4703,544,2018,paved,1,4,0,9,236107421.0,Kinyinya,sector_centroid,6.361,1.474,0.742,1.386,3.269,36.8,4.7,25.4,35.9
Villa in Gisozi,Gasabo,Gisozi,villa,1,3,7905,964,2024,dirt,1,2,0,16,151462117.0,Gisozi,sector_centroid,3.587,0.708,0.343,2.897,1.134,53.6,7.8,28.8,51.5
Villa in Kicukiro Center,Kicukiro,Kicukiro Center,villa,1,4,5827,1323,2019,dirt,0,2,1,20,158402855.0,Kicukiro,sector_centroid,5.052,0.681,0.439,0.158,0.54,65.6,38.9,39.2,52.8
Apartment in Kimihurura,Gasabo,Kimihurura,apartment,1,2,3614,1084,2010,paved,0,4,0,9,295196420.0,Kimihurura,sector_centroid,3.371,0.457,0.382,0.893,0.446,67.4,71.0,62.4,43.5
